-- phpMyAdmin SQL Dump
-- version 4.8.4
-- https://www.phpmyadmin.net/
--
-- Host: 127.0.0.1
-- Generation Time: Jun 25, 2020 at 12:21 PM
-- Server version: 10.1.37-MariaDB
-- PHP Version: 7.3.0

SET SQL_MODE = "NO_AUTO_VALUE_ON_ZERO";
SET AUTOCOMMIT = 0;
START TRANSACTION;
SET time_zone = "+00:00";


/*!40101 SET @OLD_CHARACTER_SET_CLIENT=@@CHARACTER_SET_CLIENT */;
/*!40101 SET @OLD_CHARACTER_SET_RESULTS=@@CHARACTER_SET_RESULTS */;
/*!40101 SET @OLD_COLLATION_CONNECTION=@@COLLATION_CONNECTION */;
/*!40101 SET NAMES utf8mb4 */;

--
-- Database: `perbasasi`
--

-- --------------------------------------------------------

--
-- Table structure for table `akun`
--

CREATE TABLE `akun` (
  `id_akun` int(11) NOT NULL,
  `nama_lengkap` varchar(100) NOT NULL,
  `username` varchar(30) NOT NULL,
  `password` varchar(100) NOT NULL,
  `email` varchar(100) DEFAULT NULL,
  `tgl_lahir` date NOT NULL,
  `no_hp` varchar(20) DEFAULT '-',
  `no_hp_ortu` varchar(20) DEFAULT '-',
  `alamat_rumah` varchar(100) NOT NULL,
  `asal_sekolah` varchar(100) DEFAULT '-',
  `jenis_kelamin` enum('Laki-laki','Perempuan','','') NOT NULL,
  `berat_badan` int(11) NOT NULL DEFAULT '0',
  `tinggi_badan` int(11) NOT NULL DEFAULT '0',
  `riwayat_penyakit` text,
  `level_akun` enum('admin','penyeleksi','anggota','') NOT NULL,
  `status_akun` enum('Aktif','Tidak Aktif','Menunggu Persetujuan','') NOT NULL DEFAULT 'Menunggu Persetujuan'
) ENGINE=InnoDB DEFAULT CHARSET=latin1;

--
-- Dumping data for table `akun`
--

INSERT INTO `akun` (`id_akun`, `nama_lengkap`, `username`, `password`, `email`, `tgl_lahir`, `no_hp`, `no_hp_ortu`, `alamat_rumah`, `asal_sekolah`, `jenis_kelamin`, `berat_badan`, `tinggi_badan`, `riwayat_penyakit`, `level_akun`, `status_akun`) VALUES
(1, 'tes admin', 'admin', 'admin123', 'admin@yahoo.com', '2002-02-11', '', '', 'jln. lesti utara ', 'sma 1 malang', 'Laki-laki', 60, 168, '', 'admin', 'Aktif'),
(2, 'tes penyeleksi 1', '8888', '8888', 'penyeleksi2@yahoo.com', '2000-02-22', '085249388401', '', 'jln. lesti utara ', 'sma 1 malang', 'Perempuan', 60, 168, '', 'penyeleksi', 'Aktif'),
(3, 'Daisy Amalia', '1111', '1111', 'tes1@yahoo.com', '2001-02-11', '', '', 'jln. lesti utara ', 'sma 1 malang', 'Perempuan', 60, 168, 'Sesak nafas, patah tulang', 'anggota', 'Tidak Aktif'),
(4, 'Claudia', '2222', '222222', 'tes2@yahoo.com', '2002-02-11', '08123543133', NULL, 'jln. lesti utara ', 'sma 1 malang', 'Perempuan', 60, 168, '', 'anggota', 'Aktif'),
(5, 'tes 3', '3333', '3333', 'tes3@yahoo.com', '2002-02-11', '2147483647', '81457', 'jln. lesti utara ', 'sma 1 malang', 'Perempuan', 60, 168, '', 'anggota', 'Aktif'),
(6, 'tes penyeleksi 2', 'asdasd', 'asdasd', 'asdasd@yahoo.com', '1995-02-05', '08123543133', '-', 'jln. lesti utara 12', 'sma 1 malang', 'Perempuan', 0, 0, '', 'penyeleksi', 'Aktif'),
(8, 'Dendi Arya Aza Pratama', 'Dendi', 'Dendi', 'tes4@yahoo.com', '0000-00-00', '812469852', '', 'jln. lesti utara ', 'sma 1 malang', 'Laki-laki', 75, 175, '', 'anggota', 'Aktif'),
(9, 'Zacky Bintang Alzamzamy', 'Zacky', 'Zacky', 'tes5@yahoo.com', '0000-00-00', '8124698533', '', 'jln. lesti utara ', 'sma 1 malang', 'Laki-laki', 61, 176, '', 'anggota', 'Aktif'),
(10, 'Dicky Ramdiansyah', 'Dicky', 'Dicky', 'tes6@yahoo.com', '0000-00-00', '8124694854', '', 'jln. lesti utara ', 'sma 1 malang', 'Laki-laki', 86, 166, '', 'anggota', 'Aktif'),
(11, 'Alfian Kusuma Pradana', 'Alfia', 'Alfia', 'tes7@yahoo.com', '0000-00-00', '8124698555', '', 'jln. lesti utara ', 'sma 1 malang', 'Laki-laki', 66, 170, '', 'anggota', 'Aktif'),
(12, 'Satrio Wibowo', 'Satri', 'Satri', 'tes8@yahoo.com', '0000-00-00', '8124698656', '', 'jln. lesti utara ', 'sma 1 malang', 'Laki-laki', 82, 163, '', 'anggota', 'Aktif'),
(13, 'Dimas Arya', 'Arya', 'Arya', 'tes9@yahoo.com', '0000-00-00', '8124698657', '', 'jln. lesti utara ', 'sma 1 malang', 'Laki-laki', 70, 179, '', 'anggota', 'Aktif'),
(14, 'Yahya Zakarya', 'Yahya', 'Yahya', 'tes10@yahoo.com', '0000-00-00', '8124698528', '', 'jln. lesti utara ', 'sma 1 malang', 'Laki-laki', 66, 180, '', 'anggota', 'Aktif'),
(15, 'Reka Andika Krisna', 'Reka ', 'Reka ', 'tes11@yahoo.com', '0000-00-00', '8124698859', '', 'jln. lesti utara ', 'sma 1 malang', 'Laki-laki', 92, 176, '', 'anggota', 'Aktif'),
(16, 'Angga Nareswara Wicaksna', 'Angga', 'Angga', 'tes12@yahoo.com', '0000-00-00', '8124698600', '', 'jln. lesti utara ', 'sma 1 malang', 'Laki-laki', 98, 168, '', 'anggota', 'Aktif'),
(17, 'Zuhdi Arif Azizi', 'Zuhdi', 'Zuhdi', 'tes13@yahoo.com', '0000-00-00', '8124698671', '', 'jln. lesti utara ', 'sma 1 malang', 'Laki-laki', 89, 161, '', 'anggota', 'Aktif'),
(18, 'Dyo Akbar Maulana', 'Dyo_A', 'Dyo_A', 'tes14@yahoo.com', '0000-00-00', '8124698672', '', 'jln. lesti utara ', 'sma 1 malang', 'Laki-laki', 95, 174, '', 'anggota', 'Aktif'),
(19, 'Ahmad Ali Akbar', 'Ahmad', 'Ahmad', 'tes15@yahoo.com', '0000-00-00', '8124698563', '', 'jln. lesti utara ', 'sma 1 malang', 'Laki-laki', 81, 180, '', 'anggota', 'Aktif'),
(20, 'Novalino Ricsawan', 'Noval', 'Noval', 'tes16@yahoo.com', '0000-00-00', '8124698634', '', 'jln. lesti utara ', 'sma 1 malang', 'Laki-laki', 79, 175, '', 'anggota', 'Aktif'),
(21, 'Muhammad Achmad Ramadhani', 'Achmad', 'Achmad', 'tes17@yahoo.com', '0000-00-00', '8124698645', '', 'jln. lesti utara ', 'sma 1 malang', 'Laki-laki', 79, 161, '', 'anggota', 'Aktif'),
(22, 'Akbar Wahyu Bagaskara', 'Akbar', 'Akbar', 'tes18@yahoo.com', '0000-00-00', '8124698636', '', 'jln. lesti utara ', 'sma 1 malang', 'Laki-laki', 74, 171, '', 'anggota', 'Aktif'),
(23, 'Tahta Maulana Ishaq', 'Tahta', 'Tahta', 'tes19@yahoo.com', '0000-00-00', '8124698637', '', 'jln. lesti utara ', 'sma 1 malang', 'Laki-laki', 85, 172, '', 'anggota', 'Aktif'),
(24, 'David Setyoadi Wicaksono', 'David', 'David', 'tes20@yahoo.com', '0000-00-00', '8124269868', '', 'jln. lesti utara ', 'sma 1 malang', 'Laki-laki', 99, 165, '', 'anggota', 'Aktif'),
(25, 'Leonardo Jimmy Putra', 'Leona', 'Leona', 'tes21@yahoo.com', '0000-00-00', '8124694869', '', 'jln. lesti utara ', 'sma 1 malang', 'Laki-laki', 60, 162, '', 'anggota', 'Aktif'),
(26, 'Javier Rizky Ramadhan', 'Javie', 'Javie', 'tes22@yahoo.com', '0000-00-00', '8126469870', '', 'jln. lesti utara ', 'sma 1 malang', 'Laki-laki', 85, 162, '', 'anggota', 'Aktif'),
(27, 'Galih Shacha Rakasiwi', 'Galih', 'Galih', 'tes23@yahoo.com', '0000-00-00', '8124695871', '', 'jln. lesti utara ', 'sma 1 malang', 'Laki-laki', 95, 160, '', 'anggota', 'Aktif'),
(28, 'Mochamad Fatha Chofyan', 'Mocha', 'Mocha', 'tes24@yahoo.com', '0000-00-00', '8124698872', '', 'jln. lesti utara ', 'sma 1 malang', 'Laki-laki', 77, 160, '', 'anggota', 'Aktif'),
(29, 'Raffa Agoes Saputro', 'Raffa', 'Raffa', 'tes25@yahoo.com', '0000-00-00', '8124698573', '', 'jln. lesti utara ', 'sma 1 malang', 'Laki-laki', 78, 174, '', 'anggota', 'Aktif'),
(30, 'Raditra Galih Agung Gitayasa', 'Radit', 'Radit', 'tes26@yahoo.com', '0000-00-00', '8124698674', '', 'jln. lesti utara ', 'sma 1 malang', 'Laki-laki', 62, 175, '', 'anggota', 'Aktif'),
(31, 'Elhadji Diva Asmoro', 'Elhad', 'Elhad', 'tes27@yahoo.com', '0000-00-00', '8124698875', '', 'jln. lesti utara ', 'sma 1 malang', 'Laki-laki', 84, 167, '', 'anggota', 'Aktif'),
(32, 'Rizki Rahmat', 'Rizki', 'Rizki', 'tes28@yahoo.com', '0000-00-00', '8124692876', '', 'jln. lesti utara ', 'sma 1 malang', 'Laki-laki', 66, 167, '', 'anggota', 'Aktif'),
(33, 'Dheo Santoso', 'Dheo ', 'Dheo ', 'tes29@yahoo.com', '0000-00-00', '8124693877', '', 'jln. lesti utara ', 'sma 1 malang', 'Laki-laki', 73, 180, '', 'anggota', 'Aktif'),
(34, 'Muhammad Hafidz Darmawan', 'Hafidz', 'Hafidz', 'tes30@yahoo.com', '0000-00-00', '8124469878', '', 'jln. lesti utara ', 'sma 1 malang', 'Laki-laki', 64, 168, '', 'anggota', 'Aktif'),
(35, 'Ganang Ade Wijaya', 'Ganan', 'Ganan', 'tes31@yahoo.com', '0000-00-00', '8124694879', '', 'jln. lesti utara ', 'sma 1 malang', 'Laki-laki', 84, 180, '', 'anggota', 'Aktif'),
(36, 'Erza Zein Rusnandar', 'Erza ', 'Erza ', 'tes32@yahoo.com', '0000-00-00', '8124695880', '', 'jln. lesti utara ', 'sma 1 malang', 'Laki-laki', 90, 160, '', 'anggota', 'Aktif'),
(37, 'Muhammad Rafel Alfarizal', 'Rafel', 'Rafel', 'tes33@yahoo.com', '0000-00-00', '8124698816', '', 'jln. lesti utara ', 'sma 1 malang', 'Laki-laki', 98, 162, '', 'anggota', 'Aktif'),
(38, 'Dimas Aryo Sudariko', 'Dimas', 'Dimas', 'tes34@yahoo.com', '0000-00-00', '8124698824', '', 'jln. lesti utara ', 'sma 1 malang', 'Laki-laki', 70, 165, '', 'anggota', 'Aktif'),
(39, 'Raka Dwi Purnama', 'Raka ', 'Raka ', 'tes35@yahoo.com', '0000-00-00', '8124693883', '', 'jln. lesti utara ', 'sma 1 malang', 'Laki-laki', 86, 176, '', 'anggota', 'Aktif'),
(40, 'tes penyeleksi 3', '777777', '777777', 'penyeleksi3@yahoo.com', '2000-06-05', '08123543122', '-', 'jln. lesti utara 12', '-', 'Perempuan', 0, 0, NULL, 'penyeleksi', 'Aktif'),
(41, '999999', '999999', '999999', 'tes999999@yahoo.com', '2020-06-05', '08123543122', '012742', 'jln. lesti utara 12', 'sma 1 malang', 'Perempuan', 70, 156, 'Patah tulang di tangan kanan', 'anggota', 'Menunggu Persetujuan'),
(42, 'KVDVH', 'kvdvh', 'kvdvh', 'kvdvh@gmail.com', '2004-02-11', '081564812360', '', 'Jl. Merdeka', 'sman 1 malang', 'Laki-laki', 69, 166, 'Cedera engkel', 'anggota', 'Aktif'),
(43, 'RF', 'rf', 'rf', 'rf@gmail.com', '2004-02-12', '081564812361', '', 'Jl. Merdeka', 'sman 1 malang', 'Laki-laki', 78, 171, '', 'anggota', 'Aktif'),
(44, 'HAJ', 'haj', 'haj', 'haj@gmail.com', '2004-02-13', '081564812362', '', 'Jl. Merdeka', 'sman 1 malang', 'Laki-laki', 67, 167, '', 'anggota', 'Aktif'),
(45, 'BN', 'bn', 'bn', 'bn@gmail.com', '2004-02-14', '081564812363', '', 'Jl. Merdeka', 'sman 1 malang', 'Laki-laki', 78, 170, '', 'anggota', 'Aktif'),
(46, 'DAA', 'daa', 'daa', 'daa@gmail.com', '2004-02-15', '081564812364', '', 'Jl. Merdeka', 'sman 1 malang', 'Laki-laki', 76, 171, '', 'anggota', 'Aktif'),
(47, 'RAK', 'rak', 'rak', 'rak@gmail.com', '2004-02-16', '081564812365', '', 'Jl. Merdeka', 'sman 1 malang', 'Laki-laki', 67, 169, '', 'anggota', 'Aktif'),
(48, 'DBS', 'dbs', 'dbs', 'dbs@gmail.com', '2004-02-17', '081564812366', '', 'Jl. Merdeka', 'sman 1 malang', 'Laki-laki', 79, 167, '', 'anggota', 'Aktif'),
(49, 'AFF', 'aff', 'aff', 'aff@gmail.com', '2004-02-18', '081564812367', '', 'Jl. Merdeka', 'sman 1 malang', 'Laki-laki', 69, 172, '', 'anggota', 'Aktif'),
(50, 'AH', 'ah', 'ah', 'ah@gmail.com', '2004-02-19', '081564812368', '', 'Jl. Merdeka', 'sman 1 malang', 'Laki-laki', 66, 166, 'Mata minus', 'anggota', 'Aktif'),
(51, 'MAT', 'mat', 'mat', 'mat@gmail.com', '2004-02-20', '081564812369', '', 'Jl. Merdeka', 'sman 1 malang', 'Laki-laki', 77, 170, '', 'anggota', 'Aktif'),
(52, 'DSSRP', 'dssrp', 'dssrp', 'dssrp@gmail.com', '2004-02-21', '081564812370', '', 'Jl. Merdeka', 'sman 1 malang', 'Laki-laki', 79, 165, '', 'anggota', 'Aktif'),
(53, 'MRA', 'mra', 'mra', 'mra@gmail.com', '2004-02-22', '081564812371', '', 'Jl. Merdeka', 'sman 1 malang', 'Laki-laki', 69, 169, '', 'anggota', 'Aktif'),
(54, 'AR', 'ar', 'ar', 'ar@gmail.com', '2004-02-23', '081564812372', '', 'Jl. Merdeka', 'sman 1 malang', 'Laki-laki', 69, 175, '', 'anggota', 'Aktif'),
(55, 'MRS', 'mrs', 'mrs', 'mrs@gmail.com', '2004-02-24', '081564812373', '', 'Jl. Merdeka', 'sman 1 malang', 'Laki-laki', 72, 169, '', 'anggota', 'Aktif'),
(56, 'EBA', 'eba', 'eba', 'eba@gmail.com', '2004-02-25', '081564812374', '', 'Jl. Merdeka', 'sman 1 malang', 'Laki-laki', 67, 168, 'Patah tulang tangan kiri', 'anggota', 'Aktif'),
(57, 'ADJ', 'adj', 'adj', 'adj@gmail.com', '2004-02-26', '081564812375', '', 'Jl. Merdeka', 'sman 1 malang', 'Laki-laki', 72, 173, '', 'anggota', 'Aktif'),
(58, 'AD', 'ad', 'ad', 'ad@gmail.com', '2004-02-27', '081564812376', '', 'Jl. Merdeka', 'sman 1 malang', 'Laki-laki', 72, 172, '', 'anggota', 'Aktif'),
(59, 'SZM', 'szm', 'szm', 'szm@gmail.com', '2004-02-28', '081564812377', '', 'Jl. Merdeka', 'sman 1 malang', 'Laki-laki', 70, 175, '', 'anggota', 'Aktif'),
(60, 'SM', 'sm', 'sm', 'sm@gmail.com', '2004-02-29', '081564812378', '', 'Jl. Merdeka', 'sman 1 malang', 'Laki-laki', 76, 170, '', 'anggota', 'Aktif'),
(61, 'MRSP', 'mrsp', 'mrsp', 'mrsp@gmail.com', '2004-03-01', '081564812379', '', 'Jl. Merdeka', 'sman 1 malang', 'Laki-laki', 77, 173, '', 'anggota', 'Aktif'),
(62, 'SDO', 'sdo', 'sdo', 'sdo@gmail.com', '2004-03-02', '08156481280', '', 'Jl. Merdeka', 'sman 1 malang', 'Laki-laki', 65, 171, '', 'anggota', 'Aktif'),
(63, 'BS', 'bs', 'bs', 'bs@gmail.com', '2004-03-03', '081564812381', '', 'Jl. Merdeka', 'sman 1 malang', 'Laki-laki', 74, 168, '', 'anggota', 'Aktif'),
(64, 'tes_tunggu', 'tes_tunggu', 'tes_tunggu', 'tes_tunggu@gmail.com', '2020-06-03', '-', '-', 'Jl. Lesti Utara', 'SMAN 1 Malang', 'Perempuan', 165, 60, NULL, '', 'Menunggu Persetujuan'),
(65, 'tes_off', 'tes_off', 'tes_off', 'tes_off@gmail.com', '2020-06-03', '-', '-', 'Jln. Lesti Utara', 'SMAN 1 Malang', 'Perempuan', 160, 46, NULL, '', 'Tidak Aktif'),
(66, 'tes_on', 'tes_on', 'tes_on', 'tes_on@gmail.com', '2020-06-03', '-', '-', 'Jln. Lesti Utara', 'SMAN 1 Malang', 'Perempuan', 160, 46, NULL, '', 'Aktif');

-- --------------------------------------------------------

--
-- Table structure for table `bobot_sub_tes`
--

CREATE TABLE `bobot_sub_tes` (
  `id_bobot_sub_tes` int(11) NOT NULL,
  `id_bobot_tes` int(11) NOT NULL,
  `jenis_sub_tes` varchar(30) NOT NULL,
  `nilai_bobot_sub_tes` int(11) NOT NULL
) ENGINE=InnoDB DEFAULT CHARSET=latin1;

--
-- Dumping data for table `bobot_sub_tes`
--

INSERT INTO `bobot_sub_tes` (`id_bobot_sub_tes`, `id_bobot_tes`, `jenis_sub_tes`, `nilai_bobot_sub_tes`) VALUES
(1, 1, 'Tes Keterampilan', 60),
(2, 1, 'Tes Unjuk Kerja', 40),
(3, 2, 'Tes Keterampilan', 60),
(4, 2, 'Tes Unjuk Kerja', 40),
(5, 3, 'Tes Keterampilan', 60),
(6, 3, 'Tes Unjuk Kerja', 40),
(7, 4, 'Tes Kecepatan', 100);

-- --------------------------------------------------------

--
-- Table structure for table `bobot_tes`
--

CREATE TABLE `bobot_tes` (
  `id_bobot_tes` int(11) NOT NULL,
  `jenis_tes` varchar(30) NOT NULL,
  `nilai_bobot_tes` int(11) NOT NULL
) ENGINE=InnoDB DEFAULT CHARSET=latin1;

--
-- Dumping data for table `bobot_tes`
--

INSERT INTO `bobot_tes` (`id_bobot_tes`, `jenis_tes`, `nilai_bobot_tes`) VALUES
(1, 'Tes Pukul', 30),
(2, 'Tes Tangkap', 30),
(3, 'Tes Lempar', 30),
(4, 'Tes Lari', 10);

-- --------------------------------------------------------

--
-- Table structure for table `konversi`
--

CREATE TABLE `konversi` (
  `id_konversi` int(11) NOT NULL,
  `id_bobot_tes` int(11) NOT NULL,
  `nama_konversi` varchar(30) NOT NULL,
  `bts_atas` float NOT NULL,
  `bts_bawah` float NOT NULL,
  `nilai_konversi` int(11) NOT NULL
) ENGINE=InnoDB DEFAULT CHARSET=latin1;

--
-- Dumping data for table `konversi`
--

INSERT INTO `konversi` (`id_konversi`, `id_bobot_tes`, `nama_konversi`, `bts_atas`, `bts_bawah`, `nilai_konversi`) VALUES
(1, 1, 'poin 1', 2, 0, 1),
(2, 1, 'poin 2', 4, 3, 2),
(3, 1, 'poin 3', 6, 5, 3),
(4, 1, 'poin 4', 8, 7, 4),
(5, 1, 'poin 5', 10, 9, 5),
(6, 2, 'poin 1', 2, 0, 1),
(7, 2, 'poin 2', 4, 3, 2),
(8, 2, 'poin 3', 6, 5, 3),
(9, 2, 'poin 4', 8, 7, 4),
(10, 2, 'poin 5', 10, 9, 5),
(11, 3, 'poin 1', 100, 0, 1),
(12, 3, 'poin 2', 200, 101, 2),
(13, 3, 'poin 3', 300, 201, 3),
(14, 3, 'poin 4', 400, 301, 4),
(15, 3, 'poin 5', 1000, 401, 5),
(16, 4, 'poin 1', 8, 10, 1),
(17, 4, 'poin 2', 6.9, 7.99, 2),
(18, 4, 'poin 3', 5.6, 6.89, 3),
(19, 4, 'poin 4', 4.7, 5.59, 4),
(20, 4, 'poin 5', 0, 4.69, 5);

-- --------------------------------------------------------

--
-- Table structure for table `list_peserta`
--

CREATE TABLE `list_peserta` (
  `id_peserta` int(11) NOT NULL,
  `id_seleksi` int(11) NOT NULL,
  `id_akun` int(11) NOT NULL,
  `nama_peserta` varchar(100) NOT NULL,
  `jenis_kelamin` enum('Laki-Laki','Perempuan','','') NOT NULL,
  `riwayat_penyakit` text NOT NULL,
  `tes_pukul` decimal(6,4) NOT NULL DEFAULT '0.0000',
  `tes_tangkap` decimal(6,4) NOT NULL DEFAULT '0.0000',
  `tes_lempar` decimal(6,4) NOT NULL DEFAULT '0.0000',
  `tes_lari` decimal(6,4) NOT NULL DEFAULT '0.0000',
  `nilai_si` decimal(6,4) NOT NULL DEFAULT '0.0000',
  `nilai_ri` decimal(6,4) NOT NULL DEFAULT '0.0000',
  `nilai_q1` decimal(6,4) NOT NULL DEFAULT '0.0000',
  `nilai_q2` decimal(6,4) NOT NULL DEFAULT '0.0000',
  `nilai_q3` decimal(6,4) NOT NULL DEFAULT '0.0000',
  `status` enum('Lulus','Tidak Lulus','Menunggu Hasil Seleksi','') NOT NULL DEFAULT 'Menunggu Hasil Seleksi'
) ENGINE=InnoDB DEFAULT CHARSET=latin1;

--
-- Dumping data for table `list_peserta`
--

INSERT INTO `list_peserta` (`id_peserta`, `id_seleksi`, `id_akun`, `nama_peserta`, `jenis_kelamin`, `riwayat_penyakit`, `tes_pukul`, `tes_tangkap`, `tes_lempar`, `tes_lari`, `nilai_si`, `nilai_ri`, `nilai_q1`, `nilai_q2`, `nilai_q3`, `status`) VALUES
(1, 1, 8, 'Dendi Arya Aza Pratama', 'Laki-Laki', '', '0.0000', '0.0000', '0.0000', '0.0000', '0.0000', '0.0000', '0.0000', '0.0000', '0.0000', 'Menunggu Hasil Seleksi'),
(2, 1, 9, 'Zacky Bintang Alzamzamy', 'Laki-Laki', '', '0.0000', '0.0000', '0.0000', '0.0000', '0.0000', '0.0000', '0.5960', '0.5828', '0.5696', 'Menunggu Hasil Seleksi'),
(3, 1, 10, 'Dicky Ramdiansyah', 'Laki-Laki', '', '0.0000', '0.0000', '0.0000', '0.0000', '0.0000', '0.0000', '0.1399', '0.1374', '0.1350', 'Menunggu Hasil Seleksi'),
(4, 1, 11, 'Alfian Kusuma Pradana', 'Laki-Laki', '', '0.0000', '0.0000', '0.0000', '0.0000', '0.0000', '0.0000', '0.2716', '0.2655', '0.2594', 'Menunggu Hasil Seleksi'),
(5, 1, 12, 'Satrio Wibowo', 'Laki-Laki', '', '0.0000', '0.0000', '0.0000', '0.0000', '0.0000', '0.0000', '0.4472', '0.4481', '0.4490', 'Menunggu Hasil Seleksi'),
(6, 1, 13, 'Dimas Arya', 'Laki-Laki', '', '0.0000', '0.0000', '0.0000', '0.0000', '0.0000', '0.0000', '0.3248', '0.3196', '0.3144', 'Menunggu Hasil Seleksi'),
(7, 1, 14, 'Yahya Zakarya', 'Laki-Laki', '', '0.0000', '0.0000', '0.0000', '0.0000', '0.0000', '0.0000', '0.2703', '0.2527', '0.2352', 'Menunggu Hasil Seleksi'),
(8, 1, 15, 'Reka Andika Krisna', 'Laki-Laki', '', '0.0000', '0.0000', '0.0000', '0.0000', '0.0000', '0.0000', '0.4937', '0.4851', '0.4764', 'Menunggu Hasil Seleksi'),
(9, 1, 16, 'Angga Nareswara Wicaksna', 'Laki-Laki', '', '0.0000', '0.0000', '0.0000', '0.0000', '0.0000', '0.0000', '0.8515', '0.8350', '0.8185', 'Menunggu Hasil Seleksi'),
(10, 1, 17, 'Zuhdi Arif Azizi', 'Laki-Laki', '', '0.0000', '0.0000', '0.0000', '0.0000', '0.0000', '0.0000', '0.6532', '0.6396', '0.6260', 'Menunggu Hasil Seleksi'),
(11, 1, 18, 'Dyo Akbar Maulana', 'Laki-Laki', '', '0.0000', '0.0000', '0.0000', '0.0000', '0.0000', '0.0000', '0.2261', '0.2274', '0.2287', 'Menunggu Hasil Seleksi'),
(12, 1, 19, 'Ahmad Ali Akbar', 'Laki-Laki', '', '0.0000', '0.0000', '0.0000', '0.0000', '0.0000', '0.0000', '0.4238', '0.4180', '0.4122', 'Menunggu Hasil Seleksi'),
(13, 1, 20, 'Novalino Ricsawan', 'Laki-Laki', '', '0.0000', '0.0000', '0.0000', '0.0000', '0.0000', '0.0000', '0.4932', '0.4845', '0.4758', 'Menunggu Hasil Seleksi'),
(14, 1, 21, 'Muhammad Achmad Ramadhani', 'Laki-Laki', '', '0.0000', '0.0000', '0.0000', '0.0000', '0.0000', '0.0000', '0.4394', '0.4406', '0.4418', 'Menunggu Hasil Seleksi'),
(15, 1, 22, 'Akbar Wahyu Bagaskara', 'Laki-Laki', '', '0.0000', '0.0000', '0.0000', '0.0000', '0.0000', '0.0000', '0.8892', '0.8769', '0.8646', 'Menunggu Hasil Seleksi'),
(16, 1, 23, 'Tahta Maulana Ishaq', 'Laki-Laki', '', '0.0000', '0.0000', '0.0000', '0.0000', '0.0000', '0.0000', '0.4985', '0.4894', '0.4802', 'Menunggu Hasil Seleksi'),
(17, 1, 24, 'David Setyoadi Wicaksono', 'Laki-Laki', '', '0.0000', '0.0000', '0.0000', '0.0000', '0.0000', '0.0000', '0.4026', '0.3861', '0.3696', 'Menunggu Hasil Seleksi'),
(18, 1, 25, 'Leonardo Jimmy Putra', 'Laki-Laki', '', '0.0000', '0.0000', '0.0000', '0.0000', '0.0000', '0.0000', '0.5881', '0.5741', '0.5602', 'Menunggu Hasil Seleksi'),
(19, 1, 26, 'Javier Rizky Ramadhan', 'Laki-Laki', '', '0.0000', '0.0000', '0.0000', '0.0000', '0.0000', '0.0000', '0.5631', '0.5611', '0.5592', 'Menunggu Hasil Seleksi'),
(20, 1, 27, 'Galih Shacha Rakasiwi', 'Laki-Laki', '', '0.0000', '0.0000', '0.0000', '0.0000', '0.0000', '0.0000', '0.4194', '0.4184', '0.4174', 'Menunggu Hasil Seleksi'),
(21, 1, 28, 'Mochamad Fatha Chofyan', 'Laki-Laki', '', '0.0000', '0.0000', '0.0000', '0.0000', '0.0000', '0.0000', '0.3496', '0.3409', '0.3321', 'Menunggu Hasil Seleksi'),
(22, 1, 29, 'Raffa Agoes Saputro', 'Laki-Laki', '', '0.0000', '0.0000', '0.0000', '0.0000', '0.0000', '0.0000', '0.6488', '0.6447', '0.6406', 'Menunggu Hasil Seleksi'),
(23, 1, 30, 'Raditra Galih Agung Gitayasa', 'Laki-Laki', '', '0.0000', '0.0000', '0.0000', '0.0000', '0.0000', '0.0000', '1.0000', '1.0000', '1.0000', 'Menunggu Hasil Seleksi'),
(24, 1, 31, 'Elhadji Diva Asmoro', 'Laki-Laki', '', '0.0000', '0.0000', '0.0000', '0.0000', '0.0000', '0.0000', '0.4045', '0.3882', '0.3719', 'Menunggu Hasil Seleksi'),
(25, 1, 32, 'Rizki Rahmat', 'Laki-Laki', '', '0.0000', '0.0000', '0.0000', '0.0000', '0.0000', '0.0000', '0.5225', '0.5194', '0.5162', 'Menunggu Hasil Seleksi'),
(26, 1, 33, 'Dheo Santoso', 'Laki-Laki', '', '0.0000', '0.0000', '0.0000', '0.0000', '0.0000', '0.0000', '0.5392', '0.5198', '0.5004', 'Menunggu Hasil Seleksi'),
(27, 1, 34, 'Muhammad Hafidz Darmawan', 'Laki-Laki', '', '0.0000', '0.0000', '0.0000', '0.0000', '0.0000', '0.0000', '0.4619', '0.4603', '0.4587', 'Menunggu Hasil Seleksi'),
(28, 1, 35, 'Ganang Ade Wijaya', 'Laki-Laki', '', '0.0000', '0.0000', '0.0000', '0.0000', '0.0000', '0.0000', '0.3756', '0.3697', '0.3638', 'Menunggu Hasil Seleksi'),
(29, 1, 36, 'Erza Zein Rusnandar', 'Laki-Laki', '', '0.0000', '0.0000', '0.0000', '0.0000', '0.0000', '0.0000', '0.9302', '0.9224', '0.9147', 'Menunggu Hasil Seleksi'),
(30, 1, 37, 'Muhammad Rafel Alfarizal', 'Laki-Laki', '', '0.0000', '0.0000', '0.0000', '0.0000', '0.0000', '0.0000', '0.6032', '0.5716', '0.5399', 'Menunggu Hasil Seleksi'),
(31, 1, 38, 'Dimas Aryo Sudariko', 'Laki-Laki', '', '0.0000', '0.0000', '0.0000', '0.0000', '0.0000', '0.0000', '0.4681', '0.4714', '0.4746', 'Menunggu Hasil Seleksi'),
(32, 1, 39, 'Raka Dwi Purnama', 'Laki-Laki', '', '0.0000', '0.0000', '0.0000', '0.0000', '0.0000', '0.0000', '0.2346', '0.2368', '0.2391', 'Menunggu Hasil Seleksi'),
(34, 6, 42, 'KVDVH', 'Laki-Laki', 'Cedera engkel', '0.0000', '0.0000', '0.0000', '0.0000', '0.0000', '0.0000', '0.9781', '0.9756', '0.9732', 'Menunggu Hasil Seleksi'),
(35, 6, 43, 'RF', 'Laki-Laki', '', '0.0000', '0.0000', '0.0000', '0.0000', '0.0000', '0.0000', '0.5233', '0.5073', '0.4914', 'Menunggu Hasil Seleksi'),
(36, 6, 44, 'HAJ', 'Laki-Laki', '', '0.0000', '0.0000', '0.0000', '0.0000', '0.0000', '0.0000', '0.8684', '0.8538', '0.8392', 'Menunggu Hasil Seleksi'),
(37, 6, 45, 'BN', 'Laki-Laki', '', '0.0000', '0.0000', '0.0000', '0.0000', '0.0000', '0.0000', '0.0000', '0.0000', '0.0000', 'Menunggu Hasil Seleksi'),
(38, 6, 46, 'DAA', 'Laki-Laki', '', '0.0000', '0.0000', '0.0000', '0.0000', '0.0000', '0.0000', '0.2460', '0.2362', '0.2265', 'Menunggu Hasil Seleksi'),
(39, 6, 47, 'RAK', 'Laki-Laki', '', '0.0000', '0.0000', '0.0000', '0.0000', '0.0000', '0.0000', '0.0977', '0.0962', '0.0947', 'Menunggu Hasil Seleksi'),
(40, 6, 48, 'DBS', 'Laki-Laki', '', '0.0000', '0.0000', '0.0000', '0.0000', '0.0000', '0.0000', '0.4982', '0.4795', '0.4608', 'Menunggu Hasil Seleksi'),
(41, 6, 49, 'AFF', 'Laki-Laki', '', '0.0000', '0.0000', '0.0000', '0.0000', '0.0000', '0.0000', '0.2439', '0.2339', '0.2240', 'Menunggu Hasil Seleksi'),
(42, 6, 50, 'AH', 'Laki-Laki', 'Mata minus', '0.0000', '0.0000', '0.0000', '0.0000', '0.0000', '0.0000', '0.3023', '0.2989', '0.2954', 'Menunggu Hasil Seleksi'),
(43, 6, 51, 'MAT', 'Laki-Laki', '', '0.0000', '0.0000', '0.0000', '0.0000', '0.0000', '0.0000', '0.8966', '0.8851', '0.8736', 'Menunggu Hasil Seleksi'),
(44, 6, 52, 'DSSRP', 'Laki-Laki', '', '0.0000', '0.0000', '0.0000', '0.0000', '0.0000', '0.0000', '0.6339', '0.6303', '0.6267', 'Menunggu Hasil Seleksi'),
(45, 6, 53, 'MRA', 'Laki-Laki', '', '0.0000', '0.0000', '0.0000', '0.0000', '0.0000', '0.0000', '0.9196', '0.9107', '0.9017', 'Menunggu Hasil Seleksi'),
(46, 6, 54, 'AR', 'Laki-Laki', '', '0.0000', '0.0000', '0.0000', '0.0000', '0.0000', '0.0000', '0.6611', '0.6605', '0.6598', 'Menunggu Hasil Seleksi'),
(47, 6, 55, 'MRS', 'Laki-Laki', '', '0.0000', '0.0000', '0.0000', '0.0000', '0.0000', '0.0000', '0.2877', '0.2826', '0.2776', 'Menunggu Hasil Seleksi'),
(48, 6, 56, 'EBA', 'Laki-Laki', 'Patah tulang tangan kiri', '0.0000', '0.0000', '0.0000', '0.0000', '0.0000', '0.0000', '0.4068', '0.4149', '0.4231', 'Menunggu Hasil Seleksi'),
(49, 6, 57, 'ADJ', 'Laki-Laki', '', '0.0000', '0.0000', '0.0000', '0.0000', '0.0000', '0.0000', '0.9781', '0.9756', '0.9732', 'Menunggu Hasil Seleksi'),
(50, 6, 58, 'AD', 'Laki-Laki', '', '0.0000', '0.0000', '0.0000', '0.0000', '0.0000', '0.0000', '1.0000', '1.0000', '1.0000', 'Menunggu Hasil Seleksi'),
(51, 6, 59, 'SZM', 'Laki-Laki', '', '0.0000', '0.0000', '0.0000', '0.0000', '0.0000', '0.0000', '0.6006', '0.5932', '0.5859', 'Menunggu Hasil Seleksi'),
(52, 6, 60, 'SM', 'Laki-Laki', '', '0.0000', '0.0000', '0.0000', '0.0000', '0.0000', '0.0000', '0.8499', '0.8517', '0.8535', 'Menunggu Hasil Seleksi'),
(53, 6, 61, 'MRSP', 'Laki-Laki', '', '0.0000', '0.0000', '0.0000', '0.0000', '0.0000', '0.0000', '0.6976', '0.7011', '0.7045', 'Menunggu Hasil Seleksi'),
(54, 6, 62, 'SDO', 'Laki-Laki', '', '0.0000', '0.0000', '0.0000', '0.0000', '0.0000', '0.0000', '0.3295', '0.3291', '0.3287', 'Menunggu Hasil Seleksi'),
(55, 6, 63, 'BS', 'Laki-Laki', '', '0.0000', '0.0000', '0.0000', '0.0000', '0.0000', '0.0000', '0.5316', '0.5166', '0.5016', 'Menunggu Hasil Seleksi');

-- --------------------------------------------------------

--
-- Table structure for table `list_seleksi`
--

CREATE TABLE `list_seleksi` (
  `id_seleksi` int(11) NOT NULL,
  `nama_seleksi` varchar(100) NOT NULL,
  `jenis_olahraga` enum('Baseball','Softball','','') NOT NULL,
  `jenis_kelamin` enum('Laki-laki','Perempuan','','') NOT NULL,
  `batas_umur` int(11) NOT NULL,
  `tgl_seleksi` date NOT NULL,
  `tgl_kejuaraan` date NOT NULL,
  `jml_set_pukul` int(11) NOT NULL,
  `jml_set_tangkap` int(11) NOT NULL,
  `jml_set_lempar` int(11) NOT NULL,
  `jml_rep_lari` int(11) NOT NULL,
  `status_seleksi` enum('Belum Selesai','Selesai','','') NOT NULL DEFAULT 'Belum Selesai'
) ENGINE=InnoDB DEFAULT CHARSET=latin1;

--
-- Dumping data for table `list_seleksi`
--

INSERT INTO `list_seleksi` (`id_seleksi`, `nama_seleksi`, `jenis_olahraga`, `jenis_kelamin`, `batas_umur`, `tgl_seleksi`, `tgl_kejuaraan`, `jml_set_pukul`, `jml_set_tangkap`, `jml_set_lempar`, `jml_rep_lari`, `status_seleksi`) VALUES
(1, 'kejurda 2020', 'Baseball', 'Laki-laki', 20, '2020-07-04', '2020-07-04', 3, 3, 3, 5, 'Belum Selesai'),
(6, 'Seleksi KEJURDA Tahun 2020', 'Baseball', 'Laki-laki', 20, '2020-07-04', '2020-07-05', 2, 2, 2, 5, 'Belum Selesai');

-- --------------------------------------------------------

--
-- Table structure for table `nilai_per_tes`
--

CREATE TABLE `nilai_per_tes` (
  `id_nilai_tes` int(11) NOT NULL,
  `id_akun` int(11) NOT NULL,
  `nama_peserta` varchar(100) NOT NULL,
  `id_seleksi` int(11) NOT NULL,
  `id_bobot_tes` int(11) NOT NULL,
  `id_bobot_sub_tes` int(11) NOT NULL,
  `set_ke` int(11) NOT NULL,
  `nilai_asli` decimal(10,2) NOT NULL,
  `nilai_konversi` int(11) NOT NULL
) ENGINE=InnoDB DEFAULT CHARSET=latin1;

--
-- Dumping data for table `nilai_per_tes`
--

INSERT INTO `nilai_per_tes` (`id_nilai_tes`, `id_akun`, `nama_peserta`, `id_seleksi`, `id_bobot_tes`, `id_bobot_sub_tes`, `set_ke`, `nilai_asli`, `nilai_konversi`) VALUES
(1, 8, 'Dendi Arya Aza Pratama', 1, 1, 1, 1, '5.00', 3),
(2, 9, 'Zacky Bintang Alzamzamy', 1, 1, 1, 1, '8.00', 4),
(3, 10, 'Dicky Ramdiansyah', 1, 1, 1, 1, '5.00', 3),
(4, 11, 'Alfian Kusuma Pradana', 1, 1, 1, 1, '6.00', 3),
(5, 12, 'Satrio Wibowo', 1, 1, 1, 1, '7.00', 4),
(6, 13, 'Dimas Arya', 1, 1, 1, 1, '8.00', 4),
(7, 14, 'Yahya Zakarya', 1, 1, 1, 1, '6.00', 3),
(8, 15, 'Reka Andika Krisna', 1, 1, 1, 1, '2.00', 1),
(9, 16, 'Angga Nareswara Wicaksna', 1, 1, 1, 1, '4.00', 2),
(10, 17, 'Zuhdi Arif Azizi', 1, 1, 1, 1, '6.00', 3),
(11, 18, 'Dyo Akbar Maulana', 1, 1, 1, 1, '10.00', 5),
(12, 19, 'Ahmad Ali Akbar', 1, 1, 1, 1, '3.00', 2),
(13, 20, 'Novalino Ricsawan', 1, 1, 1, 1, '1.00', 1),
(14, 21, 'Muhammad Achmad Ramadhani', 1, 1, 1, 1, '1.00', 1),
(15, 22, 'Akbar Wahyu Bagaskara', 1, 1, 1, 1, '1.00', 1),
(16, 23, 'Tahta Maulana Ishaq', 1, 1, 1, 1, '3.00', 2),
(17, 24, 'David Setyoadi Wicaksono', 1, 1, 1, 1, '8.00', 4),
(18, 25, 'Leonardo Jimmy Putra', 1, 1, 1, 1, '1.00', 1),
(19, 26, 'Javier Rizky Ramadhan', 1, 1, 1, 1, '5.00', 3),
(20, 27, 'Galih Shacha Rakasiwi', 1, 1, 1, 1, '2.00', 1),
(21, 28, 'Mochamad Fatha Chofyan', 1, 1, 1, 1, '8.00', 4),
(22, 29, 'Raffa Agoes Saputro', 1, 1, 1, 1, '6.00', 3),
(23, 30, 'Raditra Galih Agung Gitayasa', 1, 1, 1, 1, '3.00', 2),
(24, 31, 'Elhadji Diva Asmoro', 1, 1, 1, 1, '6.00', 3),
(25, 32, 'Rizki Rahmat', 1, 1, 1, 1, '8.00', 4),
(26, 33, 'Dheo Santoso', 1, 1, 1, 1, '5.00', 3),
(27, 34, 'Muhammad Hafidz Darmawan', 1, 1, 1, 1, '2.00', 1),
(28, 35, 'Ganang Ade Wijaya', 1, 1, 1, 1, '5.00', 3),
(29, 36, 'Erza Zein Rusnandar', 1, 1, 1, 1, '1.00', 1),
(30, 37, 'Muhammad Rafel Alfarizal', 1, 1, 1, 1, '6.00', 3),
(31, 38, 'Dimas Aryo Sudariko', 1, 1, 1, 1, '2.00', 1),
(32, 39, 'Raka Dwi Purnama', 1, 1, 1, 1, '6.00', 3),
(33, 8, 'Dendi Arya Aza Pratama', 1, 1, 1, 2, '4.00', 2),
(34, 9, 'Zacky Bintang Alzamzamy', 1, 1, 1, 2, '3.00', 2),
(35, 10, 'Dicky Ramdiansyah', 1, 1, 1, 2, '2.00', 1),
(36, 11, 'Alfian Kusuma Pradana', 1, 1, 1, 2, '9.00', 5),
(37, 12, 'Satrio Wibowo', 1, 1, 1, 2, '8.00', 4),
(38, 13, 'Dimas Arya', 1, 1, 1, 2, '2.00', 1),
(39, 14, 'Yahya Zakarya', 1, 1, 1, 2, '5.00', 3),
(40, 15, 'Reka Andika Krisna', 1, 1, 1, 2, '10.00', 5),
(41, 16, 'Angga Nareswara Wicaksna', 1, 1, 1, 2, '6.00', 3),
(42, 17, 'Zuhdi Arif Azizi', 1, 1, 1, 2, '2.00', 1),
(43, 18, 'Dyo Akbar Maulana', 1, 1, 1, 2, '6.00', 3),
(44, 19, 'Ahmad Ali Akbar', 1, 1, 1, 2, '1.00', 1),
(45, 20, 'Novalino Ricsawan', 1, 1, 1, 2, '4.00', 2),
(46, 21, 'Muhammad Achmad Ramadhani', 1, 1, 1, 2, '5.00', 3),
(47, 22, 'Akbar Wahyu Bagaskara', 1, 1, 1, 2, '4.00', 2),
(48, 23, 'Tahta Maulana Ishaq', 1, 1, 1, 2, '5.00', 3),
(49, 24, 'David Setyoadi Wicaksono', 1, 1, 1, 2, '10.00', 5),
(50, 25, 'Leonardo Jimmy Putra', 1, 1, 1, 2, '8.00', 4),
(51, 26, 'Javier Rizky Ramadhan', 1, 1, 1, 2, '1.00', 1),
(52, 27, 'Galih Shacha Rakasiwi', 1, 1, 1, 2, '9.00', 5),
(53, 28, 'Mochamad Fatha Chofyan', 1, 1, 1, 2, '3.00', 2),
(54, 29, 'Raffa Agoes Saputro', 1, 1, 1, 2, '6.00', 3),
(55, 30, 'Raditra Galih Agung Gitayasa', 1, 1, 1, 2, '2.00', 1),
(56, 31, 'Elhadji Diva Asmoro', 1, 1, 1, 2, '7.00', 4),
(57, 32, 'Rizki Rahmat', 1, 1, 1, 2, '7.00', 4),
(58, 33, 'Dheo Santoso', 1, 1, 1, 2, '2.00', 1),
(59, 34, 'Muhammad Hafidz Darmawan', 1, 1, 1, 2, '10.00', 5),
(60, 35, 'Ganang Ade Wijaya', 1, 1, 1, 2, '3.00', 2),
(61, 36, 'Erza Zein Rusnandar', 1, 1, 1, 2, '7.00', 4),
(62, 37, 'Muhammad Rafel Alfarizal', 1, 1, 1, 2, '6.00', 3),
(63, 38, 'Dimas Aryo Sudariko', 1, 1, 1, 2, '10.00', 5),
(64, 39, 'Raka Dwi Purnama', 1, 1, 1, 2, '5.00', 3),
(65, 8, 'Dendi Arya Aza Pratama', 1, 1, 1, 3, '4.00', 2),
(66, 9, 'Zacky Bintang Alzamzamy', 1, 1, 1, 3, '2.00', 1),
(67, 10, 'Dicky Ramdiansyah', 1, 1, 1, 3, '9.00', 5),
(68, 11, 'Alfian Kusuma Pradana', 1, 1, 1, 3, '6.00', 3),
(69, 12, 'Satrio Wibowo', 1, 1, 1, 3, '6.00', 3),
(70, 13, 'Dimas Arya', 1, 1, 1, 3, '5.00', 3),
(71, 14, 'Yahya Zakarya', 1, 1, 1, 3, '1.00', 1),
(72, 15, 'Reka Andika Krisna', 1, 1, 1, 3, '6.00', 3),
(73, 16, 'Angga Nareswara Wicaksna', 1, 1, 1, 3, '3.00', 2),
(74, 17, 'Zuhdi Arif Azizi', 1, 1, 1, 3, '8.00', 4),
(75, 18, 'Dyo Akbar Maulana', 1, 1, 1, 3, '6.00', 3),
(76, 19, 'Ahmad Ali Akbar', 1, 1, 1, 3, '8.00', 4),
(77, 20, 'Novalino Ricsawan', 1, 1, 1, 3, '8.00', 4),
(78, 21, 'Muhammad Achmad Ramadhani', 1, 1, 1, 3, '10.00', 5),
(79, 22, 'Akbar Wahyu Bagaskara', 1, 1, 1, 3, '3.00', 2),
(80, 23, 'Tahta Maulana Ishaq', 1, 1, 1, 3, '2.00', 1),
(81, 24, 'David Setyoadi Wicaksono', 1, 1, 1, 3, '9.00', 5),
(82, 25, 'Leonardo Jimmy Putra', 1, 1, 1, 3, '5.00', 3),
(83, 26, 'Javier Rizky Ramadhan', 1, 1, 1, 3, '5.00', 3),
(84, 27, 'Galih Shacha Rakasiwi', 1, 1, 1, 3, '8.00', 4),
(85, 28, 'Mochamad Fatha Chofyan', 1, 1, 1, 3, '4.00', 2),
(86, 29, 'Raffa Agoes Saputro', 1, 1, 1, 3, '7.00', 4),
(87, 30, 'Raditra Galih Agung Gitayasa', 1, 1, 1, 3, '9.00', 5),
(88, 31, 'Elhadji Diva Asmoro', 1, 1, 1, 3, '5.00', 3),
(89, 32, 'Rizki Rahmat', 1, 1, 1, 3, '8.00', 4),
(90, 33, 'Dheo Santoso', 1, 1, 1, 3, '1.00', 1),
(91, 34, 'Muhammad Hafidz Darmawan', 1, 1, 1, 3, '5.00', 3),
(92, 35, 'Ganang Ade Wijaya', 1, 1, 1, 3, '4.00', 2),
(93, 36, 'Erza Zein Rusnandar', 1, 1, 1, 3, '1.00', 1),
(94, 37, 'Muhammad Rafel Alfarizal', 1, 1, 1, 3, '7.00', 4),
(95, 38, 'Dimas Aryo Sudariko', 1, 1, 1, 3, '6.00', 3),
(96, 39, 'Raka Dwi Purnama', 1, 1, 1, 3, '10.00', 5),
(97, 8, 'Dendi Arya Aza Pratama', 1, 1, 2, 1, '3.00', 3),
(98, 9, 'Zacky Bintang Alzamzamy', 1, 1, 2, 1, '1.00', 1),
(99, 10, 'Dicky Ramdiansyah', 1, 1, 2, 1, '3.00', 3),
(100, 11, 'Alfian Kusuma Pradana', 1, 1, 2, 1, '5.00', 5),
(101, 12, 'Satrio Wibowo', 1, 1, 2, 1, '2.00', 2),
(102, 13, 'Dimas Arya', 1, 1, 2, 1, '5.00', 5),
(103, 14, 'Yahya Zakarya', 1, 1, 2, 1, '4.00', 4),
(104, 15, 'Reka Andika Krisna', 1, 1, 2, 1, '2.00', 2),
(105, 16, 'Angga Nareswara Wicaksna', 1, 1, 2, 1, '1.00', 1),
(106, 17, 'Zuhdi Arif Azizi', 1, 1, 2, 1, '4.00', 4),
(107, 18, 'Dyo Akbar Maulana', 1, 1, 2, 1, '4.00', 4),
(108, 19, 'Ahmad Ali Akbar', 1, 1, 2, 1, '5.00', 5),
(109, 20, 'Novalino Ricsawan', 1, 1, 2, 1, '3.00', 3),
(110, 21, 'Muhammad Achmad Ramadhani', 1, 1, 2, 1, '3.00', 3),
(111, 22, 'Akbar Wahyu Bagaskara', 1, 1, 2, 1, '3.00', 3),
(112, 23, 'Tahta Maulana Ishaq', 1, 1, 2, 1, '5.00', 5),
(113, 24, 'David Setyoadi Wicaksono', 1, 1, 2, 1, '1.00', 1),
(114, 25, 'Leonardo Jimmy Putra', 1, 1, 2, 1, '1.00', 1),
(115, 26, 'Javier Rizky Ramadhan', 1, 1, 2, 1, '5.00', 5),
(116, 27, 'Galih Shacha Rakasiwi', 1, 1, 2, 1, '2.00', 2),
(117, 28, 'Mochamad Fatha Chofyan', 1, 1, 2, 1, '2.00', 2),
(118, 29, 'Raffa Agoes Saputro', 1, 1, 2, 1, '1.00', 1),
(119, 30, 'Raditra Galih Agung Gitayasa', 1, 1, 2, 1, '1.00', 1),
(120, 31, 'Elhadji Diva Asmoro', 1, 1, 2, 1, '5.00', 5),
(121, 32, 'Rizki Rahmat', 1, 1, 2, 1, '2.00', 2),
(122, 33, 'Dheo Santoso', 1, 1, 2, 1, '2.00', 2),
(123, 34, 'Muhammad Hafidz Darmawan', 1, 1, 2, 1, '5.00', 5),
(124, 35, 'Ganang Ade Wijaya', 1, 1, 2, 1, '2.00', 2),
(125, 36, 'Erza Zein Rusnandar', 1, 1, 2, 1, '3.00', 3),
(126, 37, 'Muhammad Rafel Alfarizal', 1, 1, 2, 1, '4.00', 4),
(127, 38, 'Dimas Aryo Sudariko', 1, 1, 2, 1, '1.00', 1),
(128, 39, 'Raka Dwi Purnama', 1, 1, 2, 1, '1.00', 1),
(129, 8, 'Dendi Arya Aza Pratama', 1, 1, 2, 2, '5.00', 5),
(130, 9, 'Zacky Bintang Alzamzamy', 1, 1, 2, 2, '4.00', 4),
(131, 10, 'Dicky Ramdiansyah', 1, 1, 2, 2, '3.00', 3),
(132, 11, 'Alfian Kusuma Pradana', 1, 1, 2, 2, '1.00', 1),
(133, 12, 'Satrio Wibowo', 1, 1, 2, 2, '1.00', 1),
(134, 13, 'Dimas Arya', 1, 1, 2, 2, '5.00', 5),
(135, 14, 'Yahya Zakarya', 1, 1, 2, 2, '3.00', 3),
(136, 15, 'Reka Andika Krisna', 1, 1, 2, 2, '2.00', 2),
(137, 16, 'Angga Nareswara Wicaksna', 1, 1, 2, 2, '3.00', 3),
(138, 17, 'Zuhdi Arif Azizi', 1, 1, 2, 2, '3.00', 3),
(139, 18, 'Dyo Akbar Maulana', 1, 1, 2, 2, '3.00', 3),
(140, 19, 'Ahmad Ali Akbar', 1, 1, 2, 2, '4.00', 4),
(141, 20, 'Novalino Ricsawan', 1, 1, 2, 2, '2.00', 2),
(142, 21, 'Muhammad Achmad Ramadhani', 1, 1, 2, 2, '2.00', 2),
(143, 22, 'Akbar Wahyu Bagaskara', 1, 1, 2, 2, '1.00', 1),
(144, 23, 'Tahta Maulana Ishaq', 1, 1, 2, 2, '5.00', 5),
(145, 24, 'David Setyoadi Wicaksono', 1, 1, 2, 2, '5.00', 5),
(146, 25, 'Leonardo Jimmy Putra', 1, 1, 2, 2, '1.00', 1),
(147, 26, 'Javier Rizky Ramadhan', 1, 1, 2, 2, '3.00', 3),
(148, 27, 'Galih Shacha Rakasiwi', 1, 1, 2, 2, '1.00', 1),
(149, 28, 'Mochamad Fatha Chofyan', 1, 1, 2, 2, '2.00', 2),
(150, 29, 'Raffa Agoes Saputro', 1, 1, 2, 2, '3.00', 3),
(151, 30, 'Raditra Galih Agung Gitayasa', 1, 1, 2, 2, '2.00', 2),
(152, 31, 'Elhadji Diva Asmoro', 1, 1, 2, 2, '4.00', 4),
(153, 32, 'Rizki Rahmat', 1, 1, 2, 2, '1.00', 1),
(154, 33, 'Dheo Santoso', 1, 1, 2, 2, '3.00', 3),
(155, 34, 'Muhammad Hafidz Darmawan', 1, 1, 2, 2, '1.00', 1),
(156, 35, 'Ganang Ade Wijaya', 1, 1, 2, 2, '3.00', 3),
(157, 36, 'Erza Zein Rusnandar', 1, 1, 2, 2, '1.00', 1),
(158, 37, 'Muhammad Rafel Alfarizal', 1, 1, 2, 2, '4.00', 4),
(159, 38, 'Dimas Aryo Sudariko', 1, 1, 2, 2, '3.00', 3),
(160, 39, 'Raka Dwi Purnama', 1, 1, 2, 2, '3.00', 3),
(161, 8, 'Dendi Arya Aza Pratama', 1, 1, 2, 3, '4.00', 4),
(162, 9, 'Zacky Bintang Alzamzamy', 1, 1, 2, 3, '2.00', 2),
(163, 10, 'Dicky Ramdiansyah', 1, 1, 2, 3, '4.00', 4),
(164, 11, 'Alfian Kusuma Pradana', 1, 1, 2, 3, '4.00', 4),
(165, 12, 'Satrio Wibowo', 1, 1, 2, 3, '2.00', 2),
(166, 13, 'Dimas Arya', 1, 1, 2, 3, '3.00', 3),
(167, 14, 'Yahya Zakarya', 1, 1, 2, 3, '2.00', 2),
(168, 15, 'Reka Andika Krisna', 1, 1, 2, 3, '2.00', 2),
(169, 16, 'Angga Nareswara Wicaksna', 1, 1, 2, 3, '5.00', 5),
(170, 17, 'Zuhdi Arif Azizi', 1, 1, 2, 3, '5.00', 5),
(171, 18, 'Dyo Akbar Maulana', 1, 1, 2, 3, '1.00', 1),
(172, 19, 'Ahmad Ali Akbar', 1, 1, 2, 3, '5.00', 5),
(173, 20, 'Novalino Ricsawan', 1, 1, 2, 3, '3.00', 3),
(174, 21, 'Muhammad Achmad Ramadhani', 1, 1, 2, 3, '2.00', 2),
(175, 22, 'Akbar Wahyu Bagaskara', 1, 1, 2, 3, '4.00', 4),
(176, 23, 'Tahta Maulana Ishaq', 1, 1, 2, 3, '3.00', 3),
(177, 24, 'David Setyoadi Wicaksono', 1, 1, 2, 3, '2.00', 2),
(178, 25, 'Leonardo Jimmy Putra', 1, 1, 2, 3, '4.00', 4),
(179, 26, 'Javier Rizky Ramadhan', 1, 1, 2, 3, '1.00', 1),
(180, 27, 'Galih Shacha Rakasiwi', 1, 1, 2, 3, '3.00', 3),
(181, 28, 'Mochamad Fatha Chofyan', 1, 1, 2, 3, '4.00', 4),
(182, 29, 'Raffa Agoes Saputro', 1, 1, 2, 3, '1.00', 1),
(183, 30, 'Raditra Galih Agung Gitayasa', 1, 1, 2, 3, '1.00', 1),
(184, 31, 'Elhadji Diva Asmoro', 1, 1, 2, 3, '4.00', 4),
(185, 32, 'Rizki Rahmat', 1, 1, 2, 3, '4.00', 4),
(186, 33, 'Dheo Santoso', 1, 1, 2, 3, '4.00', 4),
(187, 34, 'Muhammad Hafidz Darmawan', 1, 1, 2, 3, '4.00', 4),
(188, 35, 'Ganang Ade Wijaya', 1, 1, 2, 3, '4.00', 4),
(189, 36, 'Erza Zein Rusnandar', 1, 1, 2, 3, '2.00', 2),
(190, 37, 'Muhammad Rafel Alfarizal', 1, 1, 2, 3, '5.00', 5),
(191, 38, 'Dimas Aryo Sudariko', 1, 1, 2, 3, '3.00', 3),
(192, 39, 'Raka Dwi Purnama', 1, 1, 2, 3, '3.00', 3),
(193, 8, 'Dendi Arya Aza Pratama', 1, 2, 3, 1, '1.00', 1),
(194, 9, 'Zacky Bintang Alzamzamy', 1, 2, 3, 1, '7.00', 4),
(195, 10, 'Dicky Ramdiansyah', 1, 2, 3, 1, '8.00', 4),
(196, 11, 'Alfian Kusuma Pradana', 1, 2, 3, 1, '5.00', 3),
(197, 12, 'Satrio Wibowo', 1, 2, 3, 1, '8.00', 4),
(198, 13, 'Dimas Arya', 1, 2, 3, 1, '2.00', 1),
(199, 14, 'Yahya Zakarya', 1, 2, 3, 1, '7.00', 4),
(200, 15, 'Reka Andika Krisna', 1, 2, 3, 1, '4.00', 2),
(201, 16, 'Angga Nareswara Wicaksna', 1, 2, 3, 1, '1.00', 1),
(202, 17, 'Zuhdi Arif Azizi', 1, 2, 3, 1, '5.00', 3),
(203, 18, 'Dyo Akbar Maulana', 1, 2, 3, 1, '10.00', 5),
(204, 19, 'Ahmad Ali Akbar', 1, 2, 3, 1, '6.00', 3),
(205, 20, 'Novalino Ricsawan', 1, 2, 3, 1, '3.00', 2),
(206, 21, 'Muhammad Achmad Ramadhani', 1, 2, 3, 1, '2.00', 1),
(207, 22, 'Akbar Wahyu Bagaskara', 1, 2, 3, 1, '1.00', 1),
(208, 23, 'Tahta Maulana Ishaq', 1, 2, 3, 1, '6.00', 3),
(209, 24, 'David Setyoadi Wicaksono', 1, 2, 3, 1, '5.00', 3),
(210, 25, 'Leonardo Jimmy Putra', 1, 2, 3, 1, '5.00', 3),
(211, 26, 'Javier Rizky Ramadhan', 1, 2, 3, 1, '2.00', 1),
(212, 27, 'Galih Shacha Rakasiwi', 1, 2, 3, 1, '6.00', 3),
(213, 28, 'Mochamad Fatha Chofyan', 1, 2, 3, 1, '7.00', 4),
(214, 29, 'Raffa Agoes Saputro', 1, 2, 3, 1, '5.00', 3),
(215, 30, 'Raditra Galih Agung Gitayasa', 1, 2, 3, 1, '4.00', 2),
(216, 31, 'Elhadji Diva Asmoro', 1, 2, 3, 1, '7.00', 4),
(217, 32, 'Rizki Rahmat', 1, 2, 3, 1, '2.00', 1),
(218, 33, 'Dheo Santoso', 1, 2, 3, 1, '3.00', 2),
(219, 34, 'Muhammad Hafidz Darmawan', 1, 2, 3, 1, '3.00', 2),
(220, 35, 'Ganang Ade Wijaya', 1, 2, 3, 1, '1.00', 1),
(221, 36, 'Erza Zein Rusnandar', 1, 2, 3, 1, '6.00', 3),
(222, 37, 'Muhammad Rafel Alfarizal', 1, 2, 3, 1, '8.00', 4),
(223, 38, 'Dimas Aryo Sudariko', 1, 2, 3, 1, '3.00', 2),
(224, 39, 'Raka Dwi Purnama', 1, 2, 3, 1, '7.00', 4),
(225, 8, 'Dendi Arya Aza Pratama', 1, 2, 3, 2, '8.00', 4),
(226, 9, 'Zacky Bintang Alzamzamy', 1, 2, 3, 2, '10.00', 5),
(227, 10, 'Dicky Ramdiansyah', 1, 2, 3, 2, '7.00', 4),
(228, 11, 'Alfian Kusuma Pradana', 1, 2, 3, 2, '1.00', 1),
(229, 12, 'Satrio Wibowo', 1, 2, 3, 2, '10.00', 5),
(230, 13, 'Dimas Arya', 1, 2, 3, 2, '9.00', 5),
(231, 14, 'Yahya Zakarya', 1, 2, 3, 2, '1.00', 1),
(232, 15, 'Reka Andika Krisna', 1, 2, 3, 2, '9.00', 5),
(233, 16, 'Angga Nareswara Wicaksna', 1, 2, 3, 2, '8.00', 4),
(234, 17, 'Zuhdi Arif Azizi', 1, 2, 3, 2, '4.00', 2),
(235, 18, 'Dyo Akbar Maulana', 1, 2, 3, 2, '8.00', 4),
(236, 19, 'Ahmad Ali Akbar', 1, 2, 3, 2, '6.00', 3),
(237, 20, 'Novalino Ricsawan', 1, 2, 3, 2, '7.00', 4),
(238, 21, 'Muhammad Achmad Ramadhani', 1, 2, 3, 2, '9.00', 5),
(239, 22, 'Akbar Wahyu Bagaskara', 1, 2, 3, 2, '1.00', 1),
(240, 23, 'Tahta Maulana Ishaq', 1, 2, 3, 2, '4.00', 2),
(241, 24, 'David Setyoadi Wicaksono', 1, 2, 3, 2, '5.00', 3),
(242, 25, 'Leonardo Jimmy Putra', 1, 2, 3, 2, '6.00', 3),
(243, 26, 'Javier Rizky Ramadhan', 1, 2, 3, 2, '3.00', 2),
(244, 27, 'Galih Shacha Rakasiwi', 1, 2, 3, 2, '3.00', 2),
(245, 28, 'Mochamad Fatha Chofyan', 1, 2, 3, 2, '8.00', 4),
(246, 29, 'Raffa Agoes Saputro', 1, 2, 3, 2, '3.00', 2),
(247, 30, 'Raditra Galih Agung Gitayasa', 1, 2, 3, 2, '4.00', 2),
(248, 31, 'Elhadji Diva Asmoro', 1, 2, 3, 2, '8.00', 4),
(249, 32, 'Rizki Rahmat', 1, 2, 3, 2, '3.00', 2),
(250, 33, 'Dheo Santoso', 1, 2, 3, 2, '5.00', 3),
(251, 34, 'Muhammad Hafidz Darmawan', 1, 2, 3, 2, '3.00', 2),
(252, 35, 'Ganang Ade Wijaya', 1, 2, 3, 2, '9.00', 5),
(253, 36, 'Erza Zein Rusnandar', 1, 2, 3, 2, '1.00', 1),
(254, 37, 'Muhammad Rafel Alfarizal', 1, 2, 3, 2, '2.00', 1),
(255, 38, 'Dimas Aryo Sudariko', 1, 2, 3, 2, '10.00', 5),
(256, 39, 'Raka Dwi Purnama', 1, 2, 3, 2, '2.00', 1),
(257, 8, 'Dendi Arya Aza Pratama', 1, 2, 3, 3, '7.00', 4),
(258, 9, 'Zacky Bintang Alzamzamy', 1, 2, 3, 3, '10.00', 5),
(259, 10, 'Dicky Ramdiansyah', 1, 2, 3, 3, '5.00', 3),
(260, 11, 'Alfian Kusuma Pradana', 1, 2, 3, 3, '10.00', 5),
(261, 12, 'Satrio Wibowo', 1, 2, 3, 3, '10.00', 5),
(262, 13, 'Dimas Arya', 1, 2, 3, 3, '7.00', 4),
(263, 14, 'Yahya Zakarya', 1, 2, 3, 3, '8.00', 4),
(264, 15, 'Reka Andika Krisna', 1, 2, 3, 3, '8.00', 4),
(265, 16, 'Angga Nareswara Wicaksna', 1, 2, 3, 3, '6.00', 3),
(266, 17, 'Zuhdi Arif Azizi', 1, 2, 3, 3, '6.00', 3),
(267, 18, 'Dyo Akbar Maulana', 1, 2, 3, 3, '1.00', 1),
(268, 19, 'Ahmad Ali Akbar', 1, 2, 3, 3, '8.00', 4),
(269, 20, 'Novalino Ricsawan', 1, 2, 3, 3, '9.00', 5),
(270, 21, 'Muhammad Achmad Ramadhani', 1, 2, 3, 3, '8.00', 4),
(271, 22, 'Akbar Wahyu Bagaskara', 1, 2, 3, 3, '10.00', 5),
(272, 23, 'Tahta Maulana Ishaq', 1, 2, 3, 3, '8.00', 4),
(273, 24, 'David Setyoadi Wicaksono', 1, 2, 3, 3, '5.00', 3),
(274, 25, 'Leonardo Jimmy Putra', 1, 2, 3, 3, '4.00', 2),
(275, 26, 'Javier Rizky Ramadhan', 1, 2, 3, 3, '4.00', 2),
(276, 27, 'Galih Shacha Rakasiwi', 1, 2, 3, 3, '5.00', 3),
(277, 28, 'Mochamad Fatha Chofyan', 1, 2, 3, 3, '7.00', 4),
(278, 29, 'Raffa Agoes Saputro', 1, 2, 3, 3, '7.00', 4),
(279, 30, 'Raditra Galih Agung Gitayasa', 1, 2, 3, 3, '1.00', 1),
(280, 31, 'Elhadji Diva Asmoro', 1, 2, 3, 3, '9.00', 5),
(281, 32, 'Rizki Rahmat', 1, 2, 3, 3, '5.00', 3),
(282, 33, 'Dheo Santoso', 1, 2, 3, 3, '9.00', 5),
(283, 34, 'Muhammad Hafidz Darmawan', 1, 2, 3, 3, '2.00', 1),
(284, 35, 'Ganang Ade Wijaya', 1, 2, 3, 3, '7.00', 4),
(285, 36, 'Erza Zein Rusnandar', 1, 2, 3, 3, '7.00', 4),
(286, 37, 'Muhammad Rafel Alfarizal', 1, 2, 3, 3, '5.00', 3),
(287, 38, 'Dimas Aryo Sudariko', 1, 2, 3, 3, '5.00', 3),
(288, 39, 'Raka Dwi Purnama', 1, 2, 3, 3, '7.00', 4),
(289, 8, 'Dendi Arya Aza Pratama', 1, 2, 4, 1, '5.00', 5),
(290, 9, 'Zacky Bintang Alzamzamy', 1, 2, 4, 1, '5.00', 5),
(291, 10, 'Dicky Ramdiansyah', 1, 2, 4, 1, '1.00', 1),
(292, 11, 'Alfian Kusuma Pradana', 1, 2, 4, 1, '3.00', 3),
(293, 12, 'Satrio Wibowo', 1, 2, 4, 1, '2.00', 2),
(294, 13, 'Dimas Arya', 1, 2, 4, 1, '1.00', 1),
(295, 14, 'Yahya Zakarya', 1, 2, 4, 1, '5.00', 5),
(296, 15, 'Reka Andika Krisna', 1, 2, 4, 1, '4.00', 4),
(297, 16, 'Angga Nareswara Wicaksna', 1, 2, 4, 1, '2.00', 2),
(298, 17, 'Zuhdi Arif Azizi', 1, 2, 4, 1, '3.00', 3),
(299, 18, 'Dyo Akbar Maulana', 1, 2, 4, 1, '4.00', 4),
(300, 19, 'Ahmad Ali Akbar', 1, 2, 4, 1, '1.00', 1),
(301, 20, 'Novalino Ricsawan', 1, 2, 4, 1, '3.00', 3),
(302, 21, 'Muhammad Achmad Ramadhani', 1, 2, 4, 1, '4.00', 4),
(303, 22, 'Akbar Wahyu Bagaskara', 1, 2, 4, 1, '2.00', 2),
(304, 23, 'Tahta Maulana Ishaq', 1, 2, 4, 1, '4.00', 4),
(305, 24, 'David Setyoadi Wicaksono', 1, 2, 4, 1, '5.00', 5),
(306, 25, 'Leonardo Jimmy Putra', 1, 2, 4, 1, '5.00', 5),
(307, 26, 'Javier Rizky Ramadhan', 1, 2, 4, 1, '3.00', 3),
(308, 27, 'Galih Shacha Rakasiwi', 1, 2, 4, 1, '5.00', 5),
(309, 28, 'Mochamad Fatha Chofyan', 1, 2, 4, 1, '3.00', 3),
(310, 29, 'Raffa Agoes Saputro', 1, 2, 4, 1, '2.00', 2),
(311, 30, 'Raditra Galih Agung Gitayasa', 1, 2, 4, 1, '4.00', 4),
(312, 31, 'Elhadji Diva Asmoro', 1, 2, 4, 1, '3.00', 3),
(313, 32, 'Rizki Rahmat', 1, 2, 4, 1, '4.00', 4),
(314, 33, 'Dheo Santoso', 1, 2, 4, 1, '4.00', 4),
(315, 34, 'Muhammad Hafidz Darmawan', 1, 2, 4, 1, '5.00', 5),
(316, 35, 'Ganang Ade Wijaya', 1, 2, 4, 1, '4.00', 4),
(317, 36, 'Erza Zein Rusnandar', 1, 2, 4, 1, '2.00', 2),
(318, 37, 'Muhammad Rafel Alfarizal', 1, 2, 4, 1, '5.00', 5),
(319, 38, 'Dimas Aryo Sudariko', 1, 2, 4, 1, '5.00', 5),
(320, 39, 'Raka Dwi Purnama', 1, 2, 4, 1, '5.00', 5),
(321, 8, 'Dendi Arya Aza Pratama', 1, 2, 4, 2, '5.00', 5),
(322, 9, 'Zacky Bintang Alzamzamy', 1, 2, 4, 2, '3.00', 3),
(323, 10, 'Dicky Ramdiansyah', 1, 2, 4, 2, '4.00', 4),
(324, 11, 'Alfian Kusuma Pradana', 1, 2, 4, 2, '4.00', 4),
(325, 12, 'Satrio Wibowo', 1, 2, 4, 2, '1.00', 1),
(326, 13, 'Dimas Arya', 1, 2, 4, 2, '4.00', 4),
(327, 14, 'Yahya Zakarya', 1, 2, 4, 2, '4.00', 4),
(328, 15, 'Reka Andika Krisna', 1, 2, 4, 2, '3.00', 3),
(329, 16, 'Angga Nareswara Wicaksna', 1, 2, 4, 2, '4.00', 4),
(330, 17, 'Zuhdi Arif Azizi', 1, 2, 4, 2, '3.00', 3),
(331, 18, 'Dyo Akbar Maulana', 1, 2, 4, 2, '3.00', 3),
(332, 19, 'Ahmad Ali Akbar', 1, 2, 4, 2, '1.00', 1),
(333, 20, 'Novalino Ricsawan', 1, 2, 4, 2, '5.00', 5),
(334, 21, 'Muhammad Achmad Ramadhani', 1, 2, 4, 2, '4.00', 4),
(335, 22, 'Akbar Wahyu Bagaskara', 1, 2, 4, 2, '1.00', 1),
(336, 23, 'Tahta Maulana Ishaq', 1, 2, 4, 2, '1.00', 1),
(337, 24, 'David Setyoadi Wicaksono', 1, 2, 4, 2, '2.00', 2),
(338, 25, 'Leonardo Jimmy Putra', 1, 2, 4, 2, '5.00', 5),
(339, 26, 'Javier Rizky Ramadhan', 1, 2, 4, 2, '5.00', 5),
(340, 27, 'Galih Shacha Rakasiwi', 1, 2, 4, 2, '2.00', 2),
(341, 28, 'Mochamad Fatha Chofyan', 1, 2, 4, 2, '1.00', 1),
(342, 29, 'Raffa Agoes Saputro', 1, 2, 4, 2, '1.00', 1),
(343, 30, 'Raditra Galih Agung Gitayasa', 1, 2, 4, 2, '3.00', 3),
(344, 31, 'Elhadji Diva Asmoro', 1, 2, 4, 2, '4.00', 4),
(345, 32, 'Rizki Rahmat', 1, 2, 4, 2, '5.00', 5),
(346, 33, 'Dheo Santoso', 1, 2, 4, 2, '4.00', 4),
(347, 34, 'Muhammad Hafidz Darmawan', 1, 2, 4, 2, '2.00', 2),
(348, 35, 'Ganang Ade Wijaya', 1, 2, 4, 2, '4.00', 4),
(349, 36, 'Erza Zein Rusnandar', 1, 2, 4, 2, '4.00', 4),
(350, 37, 'Muhammad Rafel Alfarizal', 1, 2, 4, 2, '5.00', 5),
(351, 38, 'Dimas Aryo Sudariko', 1, 2, 4, 2, '2.00', 2),
(352, 39, 'Raka Dwi Purnama', 1, 2, 4, 2, '2.00', 2),
(353, 8, 'Dendi Arya Aza Pratama', 1, 2, 4, 3, '4.00', 4),
(354, 9, 'Zacky Bintang Alzamzamy', 1, 2, 4, 3, '4.00', 4),
(355, 10, 'Dicky Ramdiansyah', 1, 2, 4, 3, '3.00', 3),
(356, 11, 'Alfian Kusuma Pradana', 1, 2, 4, 3, '5.00', 5),
(357, 12, 'Satrio Wibowo', 1, 2, 4, 3, '5.00', 5),
(358, 13, 'Dimas Arya', 1, 2, 4, 3, '2.00', 2),
(359, 14, 'Yahya Zakarya', 1, 2, 4, 3, '5.00', 5),
(360, 15, 'Reka Andika Krisna', 1, 2, 4, 3, '1.00', 1),
(361, 16, 'Angga Nareswara Wicaksna', 1, 2, 4, 3, '4.00', 4),
(362, 17, 'Zuhdi Arif Azizi', 1, 2, 4, 3, '3.00', 3),
(363, 18, 'Dyo Akbar Maulana', 1, 2, 4, 3, '2.00', 2),
(364, 19, 'Ahmad Ali Akbar', 1, 2, 4, 3, '4.00', 4),
(365, 20, 'Novalino Ricsawan', 1, 2, 4, 3, '2.00', 2),
(366, 21, 'Muhammad Achmad Ramadhani', 1, 2, 4, 3, '2.00', 2),
(367, 22, 'Akbar Wahyu Bagaskara', 1, 2, 4, 3, '1.00', 1),
(368, 23, 'Tahta Maulana Ishaq', 1, 2, 4, 3, '1.00', 1),
(369, 24, 'David Setyoadi Wicaksono', 1, 2, 4, 3, '4.00', 4),
(370, 25, 'Leonardo Jimmy Putra', 1, 2, 4, 3, '3.00', 3),
(371, 26, 'Javier Rizky Ramadhan', 1, 2, 4, 3, '2.00', 2),
(372, 27, 'Galih Shacha Rakasiwi', 1, 2, 4, 3, '5.00', 5),
(373, 28, 'Mochamad Fatha Chofyan', 1, 2, 4, 3, '4.00', 4),
(374, 29, 'Raffa Agoes Saputro', 1, 2, 4, 3, '2.00', 2),
(375, 30, 'Raditra Galih Agung Gitayasa', 1, 2, 4, 3, '1.00', 1),
(376, 31, 'Elhadji Diva Asmoro', 1, 2, 4, 3, '1.00', 1),
(377, 32, 'Rizki Rahmat', 1, 2, 4, 3, '3.00', 3),
(378, 33, 'Dheo Santoso', 1, 2, 4, 3, '4.00', 4),
(379, 34, 'Muhammad Hafidz Darmawan', 1, 2, 4, 3, '4.00', 4),
(380, 35, 'Ganang Ade Wijaya', 1, 2, 4, 3, '3.00', 3),
(381, 36, 'Erza Zein Rusnandar', 1, 2, 4, 3, '4.00', 4),
(382, 37, 'Muhammad Rafel Alfarizal', 1, 2, 4, 3, '4.00', 4),
(383, 38, 'Dimas Aryo Sudariko', 1, 2, 4, 3, '1.00', 1),
(384, 39, 'Raka Dwi Purnama', 1, 2, 4, 3, '5.00', 5),
(385, 8, 'Dendi Arya Aza Pratama', 1, 3, 5, 1, '45.00', 5),
(386, 9, 'Zacky Bintang Alzamzamy', 1, 3, 5, 1, '20.00', 2),
(387, 10, 'Dicky Ramdiansyah', 1, 3, 5, 1, '37.00', 5),
(388, 11, 'Alfian Kusuma Pradana', 1, 3, 5, 1, '35.00', 4),
(389, 12, 'Satrio Wibowo', 1, 3, 5, 1, '16.00', 1),
(390, 13, 'Dimas Arya', 1, 3, 5, 1, '23.00', 2),
(391, 14, 'Yahya Zakarya', 1, 3, 5, 1, '41.00', 5),
(392, 15, 'Reka Andika Krisna', 1, 3, 5, 1, '48.00', 5),
(393, 16, 'Angga Nareswara Wicaksna', 1, 3, 5, 1, '22.00', 2),
(394, 17, 'Zuhdi Arif Azizi', 1, 3, 5, 1, '41.00', 5),
(395, 18, 'Dyo Akbar Maulana', 1, 3, 5, 1, '36.00', 5),
(396, 19, 'Ahmad Ali Akbar', 1, 3, 5, 1, '21.00', 2),
(397, 20, 'Novalino Ricsawan', 1, 3, 5, 1, '26.00', 3),
(398, 21, 'Muhammad Achmad Ramadhani', 1, 3, 5, 1, '36.00', 5),
(399, 22, 'Akbar Wahyu Bagaskara', 1, 3, 5, 1, '32.00', 4),
(400, 23, 'Tahta Maulana Ishaq', 1, 3, 5, 1, '34.00', 4),
(401, 24, 'David Setyoadi Wicaksono', 1, 3, 5, 1, '47.00', 5),
(402, 25, 'Leonardo Jimmy Putra', 1, 3, 5, 1, '23.00', 2),
(403, 26, 'Javier Rizky Ramadhan', 1, 3, 5, 1, '33.00', 4),
(404, 27, 'Galih Shacha Rakasiwi', 1, 3, 5, 1, '46.00', 5),
(405, 28, 'Mochamad Fatha Chofyan', 1, 3, 5, 1, '33.00', 4),
(406, 29, 'Raffa Agoes Saputro', 1, 3, 5, 1, '43.00', 5),
(407, 30, 'Raditra Galih Agung Gitayasa', 1, 3, 5, 1, '20.00', 2),
(408, 31, 'Elhadji Diva Asmoro', 1, 3, 5, 1, '18.00', 1),
(409, 32, 'Rizki Rahmat', 1, 3, 5, 1, '23.00', 2),
(410, 33, 'Dheo Santoso', 1, 3, 5, 1, '35.00', 4),
(411, 34, 'Muhammad Hafidz Darmawan', 1, 3, 5, 1, '38.00', 5),
(412, 35, 'Ganang Ade Wijaya', 1, 3, 5, 1, '46.00', 5),
(413, 36, 'Erza Zein Rusnandar', 1, 3, 5, 1, '30.00', 3),
(414, 37, 'Muhammad Rafel Alfarizal', 1, 3, 5, 1, '16.00', 1),
(415, 38, 'Dimas Aryo Sudariko', 1, 3, 5, 1, '33.00', 4),
(416, 39, 'Raka Dwi Purnama', 1, 3, 5, 1, '40.00', 5),
(417, 8, 'Dendi Arya Aza Pratama', 1, 3, 5, 2, '39.00', 5),
(418, 9, 'Zacky Bintang Alzamzamy', 1, 3, 5, 2, '17.00', 1),
(419, 10, 'Dicky Ramdiansyah', 1, 3, 5, 2, '33.00', 4),
(420, 11, 'Alfian Kusuma Pradana', 1, 3, 5, 2, '18.00', 1),
(421, 12, 'Satrio Wibowo', 1, 3, 5, 2, '48.00', 5),
(422, 13, 'Dimas Arya', 1, 3, 5, 2, '27.00', 3),
(423, 14, 'Yahya Zakarya', 1, 3, 5, 2, '49.00', 5),
(424, 15, 'Reka Andika Krisna', 1, 3, 5, 2, '27.00', 3),
(425, 16, 'Angga Nareswara Wicaksna', 1, 3, 5, 2, '33.00', 4),
(426, 17, 'Zuhdi Arif Azizi', 1, 3, 5, 2, '16.00', 1),
(427, 18, 'Dyo Akbar Maulana', 1, 3, 5, 2, '18.00', 1),
(428, 19, 'Ahmad Ali Akbar', 1, 3, 5, 2, '42.00', 5),
(429, 20, 'Novalino Ricsawan', 1, 3, 5, 2, '33.00', 4),
(430, 21, 'Muhammad Achmad Ramadhani', 1, 3, 5, 2, '42.00', 5),
(431, 22, 'Akbar Wahyu Bagaskara', 1, 3, 5, 2, '48.00', 5),
(432, 23, 'Tahta Maulana Ishaq', 1, 3, 5, 2, '19.00', 1),
(433, 24, 'David Setyoadi Wicaksono', 1, 3, 5, 2, '21.00', 2),
(434, 25, 'Leonardo Jimmy Putra', 1, 3, 5, 2, '29.00', 3),
(435, 26, 'Javier Rizky Ramadhan', 1, 3, 5, 2, '40.00', 5),
(436, 27, 'Galih Shacha Rakasiwi', 1, 3, 5, 2, '29.00', 3),
(437, 28, 'Mochamad Fatha Chofyan', 1, 3, 5, 2, '47.00', 5),
(438, 29, 'Raffa Agoes Saputro', 1, 3, 5, 2, '15.00', 1),
(439, 30, 'Raditra Galih Agung Gitayasa', 1, 3, 5, 2, '43.00', 5),
(440, 31, 'Elhadji Diva Asmoro', 1, 3, 5, 2, '37.00', 5),
(441, 32, 'Rizki Rahmat', 1, 3, 5, 2, '42.00', 5),
(442, 33, 'Dheo Santoso', 1, 3, 5, 2, '23.00', 2),
(443, 34, 'Muhammad Hafidz Darmawan', 1, 3, 5, 2, '41.00', 5),
(444, 35, 'Ganang Ade Wijaya', 1, 3, 5, 2, '25.00', 2),
(445, 36, 'Erza Zein Rusnandar', 1, 3, 5, 2, '31.00', 4),
(446, 37, 'Muhammad Rafel Alfarizal', 1, 3, 5, 2, '16.00', 1),
(447, 38, 'Dimas Aryo Sudariko', 1, 3, 5, 2, '20.00', 2),
(448, 39, 'Raka Dwi Purnama', 1, 3, 5, 2, '38.00', 5),
(449, 8, 'Dendi Arya Aza Pratama', 1, 3, 5, 3, '30.00', 3),
(450, 9, 'Zacky Bintang Alzamzamy', 1, 3, 5, 3, '49.00', 5),
(451, 10, 'Dicky Ramdiansyah', 1, 3, 5, 3, '36.00', 5),
(452, 11, 'Alfian Kusuma Pradana', 1, 3, 5, 3, '40.00', 5),
(453, 12, 'Satrio Wibowo', 1, 3, 5, 3, '17.00', 1),
(454, 13, 'Dimas Arya', 1, 3, 5, 3, '35.00', 4),
(455, 14, 'Yahya Zakarya', 1, 3, 5, 3, '22.00', 2),
(456, 15, 'Reka Andika Krisna', 1, 3, 5, 3, '43.00', 5),
(457, 16, 'Angga Nareswara Wicaksna', 1, 3, 5, 3, '17.00', 1),
(458, 17, 'Zuhdi Arif Azizi', 1, 3, 5, 3, '43.00', 5),
(459, 18, 'Dyo Akbar Maulana', 1, 3, 5, 3, '22.00', 2),
(460, 19, 'Ahmad Ali Akbar', 1, 3, 5, 3, '17.00', 1),
(461, 20, 'Novalino Ricsawan', 1, 3, 5, 3, '43.00', 5),
(462, 21, 'Muhammad Achmad Ramadhani', 1, 3, 5, 3, '22.00', 2),
(463, 22, 'Akbar Wahyu Bagaskara', 1, 3, 5, 3, '28.00', 3),
(464, 23, 'Tahta Maulana Ishaq', 1, 3, 5, 3, '41.00', 5),
(465, 24, 'David Setyoadi Wicaksono', 1, 3, 5, 3, '43.00', 5),
(466, 25, 'Leonardo Jimmy Putra', 1, 3, 5, 3, '35.00', 4),
(467, 26, 'Javier Rizky Ramadhan', 1, 3, 5, 3, '49.00', 5),
(468, 27, 'Galih Shacha Rakasiwi', 1, 3, 5, 3, '31.00', 4),
(469, 28, 'Mochamad Fatha Chofyan', 1, 3, 5, 3, '36.00', 5),
(470, 29, 'Raffa Agoes Saputro', 1, 3, 5, 3, '49.00', 5),
(471, 30, 'Raditra Galih Agung Gitayasa', 1, 3, 5, 3, '18.00', 1),
(472, 31, 'Elhadji Diva Asmoro', 1, 3, 5, 3, '33.00', 4),
(473, 32, 'Rizki Rahmat', 1, 3, 5, 3, '19.00', 1),
(474, 33, 'Dheo Santoso', 1, 3, 5, 3, '23.00', 2),
(475, 34, 'Muhammad Hafidz Darmawan', 1, 3, 5, 3, '24.00', 2),
(476, 35, 'Ganang Ade Wijaya', 1, 3, 5, 3, '27.00', 3),
(477, 36, 'Erza Zein Rusnandar', 1, 3, 5, 3, '19.00', 1),
(478, 37, 'Muhammad Rafel Alfarizal', 1, 3, 5, 3, '22.00', 2),
(479, 38, 'Dimas Aryo Sudariko', 1, 3, 5, 3, '35.00', 4),
(480, 39, 'Raka Dwi Purnama', 1, 3, 5, 3, '33.00', 4),
(481, 8, 'Dendi Arya Aza Pratama', 1, 3, 6, 1, '4.00', 4),
(482, 9, 'Zacky Bintang Alzamzamy', 1, 3, 6, 1, '2.00', 2),
(483, 10, 'Dicky Ramdiansyah', 1, 3, 6, 1, '2.00', 2),
(484, 11, 'Alfian Kusuma Pradana', 1, 3, 6, 1, '4.00', 4),
(485, 12, 'Satrio Wibowo', 1, 3, 6, 1, '5.00', 5),
(486, 13, 'Dimas Arya', 1, 3, 6, 1, '5.00', 5),
(487, 14, 'Yahya Zakarya', 1, 3, 6, 1, '2.00', 2),
(488, 15, 'Reka Andika Krisna', 1, 3, 6, 1, '5.00', 5),
(489, 16, 'Angga Nareswara Wicaksna', 1, 3, 6, 1, '1.00', 1),
(490, 17, 'Zuhdi Arif Azizi', 1, 3, 6, 1, '1.00', 1),
(491, 18, 'Dyo Akbar Maulana', 1, 3, 6, 1, '5.00', 5),
(492, 19, 'Ahmad Ali Akbar', 1, 3, 6, 1, '4.00', 4),
(493, 20, 'Novalino Ricsawan', 1, 3, 6, 1, '2.00', 2),
(494, 21, 'Muhammad Achmad Ramadhani', 1, 3, 6, 1, '3.00', 3),
(495, 22, 'Akbar Wahyu Bagaskara', 1, 3, 6, 1, '3.00', 3),
(496, 23, 'Tahta Maulana Ishaq', 1, 3, 6, 1, '2.00', 2),
(497, 24, 'David Setyoadi Wicaksono', 1, 3, 6, 1, '1.00', 1),
(498, 25, 'Leonardo Jimmy Putra', 1, 3, 6, 1, '4.00', 4),
(499, 26, 'Javier Rizky Ramadhan', 1, 3, 6, 1, '4.00', 4),
(500, 27, 'Galih Shacha Rakasiwi', 1, 3, 6, 1, '1.00', 1),
(501, 28, 'Mochamad Fatha Chofyan', 1, 3, 6, 1, '4.00', 4),
(502, 29, 'Raffa Agoes Saputro', 1, 3, 6, 1, '5.00', 5),
(503, 30, 'Raditra Galih Agung Gitayasa', 1, 3, 6, 1, '3.00', 3),
(504, 31, 'Elhadji Diva Asmoro', 1, 3, 6, 1, '4.00', 4),
(505, 32, 'Rizki Rahmat', 1, 3, 6, 1, '4.00', 4),
(506, 33, 'Dheo Santoso', 1, 3, 6, 1, '5.00', 5),
(507, 34, 'Muhammad Hafidz Darmawan', 1, 3, 6, 1, '3.00', 3),
(508, 35, 'Ganang Ade Wijaya', 1, 3, 6, 1, '4.00', 4),
(509, 36, 'Erza Zein Rusnandar', 1, 3, 6, 1, '2.00', 2),
(510, 37, 'Muhammad Rafel Alfarizal', 1, 3, 6, 1, '4.00', 4),
(511, 38, 'Dimas Aryo Sudariko', 1, 3, 6, 1, '4.00', 4),
(512, 39, 'Raka Dwi Purnama', 1, 3, 6, 1, '3.00', 3),
(513, 8, 'Dendi Arya Aza Pratama', 1, 3, 6, 2, '5.00', 5),
(514, 9, 'Zacky Bintang Alzamzamy', 1, 3, 6, 2, '4.00', 4),
(515, 10, 'Dicky Ramdiansyah', 1, 3, 6, 2, '4.00', 4),
(516, 11, 'Alfian Kusuma Pradana', 1, 3, 6, 2, '1.00', 1),
(517, 12, 'Satrio Wibowo', 1, 3, 6, 2, '4.00', 4),
(518, 13, 'Dimas Arya', 1, 3, 6, 2, '5.00', 5),
(519, 14, 'Yahya Zakarya', 1, 3, 6, 2, '5.00', 5),
(520, 15, 'Reka Andika Krisna', 1, 3, 6, 2, '4.00', 4),
(521, 16, 'Angga Nareswara Wicaksna', 1, 3, 6, 2, '1.00', 1),
(522, 17, 'Zuhdi Arif Azizi', 1, 3, 6, 2, '1.00', 1),
(523, 18, 'Dyo Akbar Maulana', 1, 3, 6, 2, '2.00', 2),
(524, 19, 'Ahmad Ali Akbar', 1, 3, 6, 2, '3.00', 3),
(525, 20, 'Novalino Ricsawan', 1, 3, 6, 2, '5.00', 5),
(526, 21, 'Muhammad Achmad Ramadhani', 1, 3, 6, 2, '2.00', 2),
(527, 22, 'Akbar Wahyu Bagaskara', 1, 3, 6, 2, '4.00', 4),
(528, 23, 'Tahta Maulana Ishaq', 1, 3, 6, 2, '1.00', 1),
(529, 24, 'David Setyoadi Wicaksono', 1, 3, 6, 2, '2.00', 2),
(530, 25, 'Leonardo Jimmy Putra', 1, 3, 6, 2, '5.00', 5),
(531, 26, 'Javier Rizky Ramadhan', 1, 3, 6, 2, '2.00', 2),
(532, 27, 'Galih Shacha Rakasiwi', 1, 3, 6, 2, '2.00', 2),
(533, 28, 'Mochamad Fatha Chofyan', 1, 3, 6, 2, '2.00', 2),
(534, 29, 'Raffa Agoes Saputro', 1, 3, 6, 2, '2.00', 2),
(535, 30, 'Raditra Galih Agung Gitayasa', 1, 3, 6, 2, '1.00', 1),
(536, 31, 'Elhadji Diva Asmoro', 1, 3, 6, 2, '1.00', 1),
(537, 32, 'Rizki Rahmat', 1, 3, 6, 2, '3.00', 3),
(538, 33, 'Dheo Santoso', 1, 3, 6, 2, '4.00', 4),
(539, 34, 'Muhammad Hafidz Darmawan', 1, 3, 6, 2, '1.00', 1),
(540, 35, 'Ganang Ade Wijaya', 1, 3, 6, 2, '4.00', 4),
(541, 36, 'Erza Zein Rusnandar', 1, 3, 6, 2, '1.00', 1),
(542, 37, 'Muhammad Rafel Alfarizal', 1, 3, 6, 2, '4.00', 4),
(543, 38, 'Dimas Aryo Sudariko', 1, 3, 6, 2, '2.00', 2),
(544, 39, 'Raka Dwi Purnama', 1, 3, 6, 2, '1.00', 1),
(545, 8, 'Dendi Arya Aza Pratama', 1, 3, 6, 3, '4.00', 4),
(546, 9, 'Zacky Bintang Alzamzamy', 1, 3, 6, 3, '2.00', 2),
(547, 10, 'Dicky Ramdiansyah', 1, 3, 6, 3, '4.00', 4),
(548, 11, 'Alfian Kusuma Pradana', 1, 3, 6, 3, '3.00', 3),
(549, 12, 'Satrio Wibowo', 1, 3, 6, 3, '1.00', 1),
(550, 13, 'Dimas Arya', 1, 3, 6, 3, '2.00', 2),
(551, 14, 'Yahya Zakarya', 1, 3, 6, 3, '5.00', 5),
(552, 15, 'Reka Andika Krisna', 1, 3, 6, 3, '2.00', 2),
(553, 16, 'Angga Nareswara Wicaksna', 1, 3, 6, 3, '3.00', 3),
(554, 17, 'Zuhdi Arif Azizi', 1, 3, 6, 3, '1.00', 1),
(555, 18, 'Dyo Akbar Maulana', 1, 3, 6, 3, '4.00', 4),
(556, 19, 'Ahmad Ali Akbar', 1, 3, 6, 3, '3.00', 3),
(557, 20, 'Novalino Ricsawan', 1, 3, 6, 3, '2.00', 2),
(558, 21, 'Muhammad Achmad Ramadhani', 1, 3, 6, 3, '2.00', 2),
(559, 22, 'Akbar Wahyu Bagaskara', 1, 3, 6, 3, '2.00', 2),
(560, 23, 'Tahta Maulana Ishaq', 1, 3, 6, 3, '5.00', 5),
(561, 24, 'David Setyoadi Wicaksono', 1, 3, 6, 3, '1.00', 1),
(562, 25, 'Leonardo Jimmy Putra', 1, 3, 6, 3, '2.00', 2),
(563, 26, 'Javier Rizky Ramadhan', 1, 3, 6, 3, '1.00', 1),
(564, 27, 'Galih Shacha Rakasiwi', 1, 3, 6, 3, '3.00', 3),
(565, 28, 'Mochamad Fatha Chofyan', 1, 3, 6, 3, '5.00', 5),
(566, 29, 'Raffa Agoes Saputro', 1, 3, 6, 3, '1.00', 1),
(567, 30, 'Raditra Galih Agung Gitayasa', 1, 3, 6, 3, '1.00', 1),
(568, 31, 'Elhadji Diva Asmoro', 1, 3, 6, 3, '1.00', 1),
(569, 32, 'Rizki Rahmat', 1, 3, 6, 3, '1.00', 1),
(570, 33, 'Dheo Santoso', 1, 3, 6, 3, '3.00', 3),
(571, 34, 'Muhammad Hafidz Darmawan', 1, 3, 6, 3, '2.00', 2),
(572, 35, 'Ganang Ade Wijaya', 1, 3, 6, 3, '2.00', 2),
(573, 36, 'Erza Zein Rusnandar', 1, 3, 6, 3, '2.00', 2),
(574, 37, 'Muhammad Rafel Alfarizal', 1, 3, 6, 3, '1.00', 1),
(575, 38, 'Dimas Aryo Sudariko', 1, 3, 6, 3, '1.00', 1),
(576, 39, 'Raka Dwi Purnama', 1, 3, 6, 3, '1.00', 1),
(577, 8, 'Dendi Arya Aza Pratama', 1, 4, 7, 1, '4.13', 5),
(578, 9, 'Zacky Bintang Alzamzamy', 1, 4, 7, 1, '3.32', 5),
(579, 10, 'Dicky Ramdiansyah', 1, 4, 7, 1, '3.92', 5),
(580, 11, 'Alfian Kusuma Pradana', 1, 4, 7, 1, '4.51', 5),
(581, 12, 'Satrio Wibowo', 1, 4, 7, 1, '4.31', 5),
(582, 13, 'Dimas Arya', 1, 4, 7, 1, '4.05', 5),
(583, 14, 'Yahya Zakarya', 1, 4, 7, 1, '4.53', 5),
(584, 15, 'Reka Andika Krisna', 1, 4, 7, 1, '4.34', 5),
(585, 16, 'Angga Nareswara Wicaksna', 1, 4, 7, 1, '4.01', 5),
(586, 17, 'Zuhdi Arif Azizi', 1, 4, 7, 1, '4.02', 5),
(587, 18, 'Dyo Akbar Maulana', 1, 4, 7, 1, '4.14', 5),
(588, 19, 'Ahmad Ali Akbar', 1, 4, 7, 1, '4.11', 5),
(589, 20, 'Novalino Ricsawan', 1, 4, 7, 1, '3.85', 5),
(590, 21, 'Muhammad Achmad Ramadhani', 1, 4, 7, 1, '3.95', 5),
(591, 22, 'Akbar Wahyu Bagaskara', 1, 4, 7, 1, '3.98', 5),
(592, 23, 'Tahta Maulana Ishaq', 1, 4, 7, 1, '4.00', 5),
(593, 24, 'David Setyoadi Wicaksono', 1, 4, 7, 1, '3.91', 5),
(594, 25, 'Leonardo Jimmy Putra', 1, 4, 7, 1, '4.19', 5),
(595, 26, 'Javier Rizky Ramadhan', 1, 4, 7, 1, '3.92', 5),
(596, 27, 'Galih Shacha Rakasiwi', 1, 4, 7, 1, '4.03', 5),
(597, 28, 'Mochamad Fatha Chofyan', 1, 4, 7, 1, '3.95', 5),
(598, 29, 'Raffa Agoes Saputro', 1, 4, 7, 1, '3.95', 5),
(599, 30, 'Raditra Galih Agung Gitayasa', 1, 4, 7, 1, '4.18', 5),
(600, 31, 'Elhadji Diva Asmoro', 1, 4, 7, 1, '4.17', 5),
(601, 32, 'Rizki Rahmat', 1, 4, 7, 1, '3.93', 5),
(602, 33, 'Dheo Santoso', 1, 4, 7, 1, '3.98', 5),
(603, 34, 'Muhammad Hafidz Darmawan', 1, 4, 7, 1, '4.04', 5),
(604, 35, 'Ganang Ade Wijaya', 1, 4, 7, 1, '3.99', 5),
(605, 36, 'Erza Zein Rusnandar', 1, 4, 7, 1, '4.21', 5),
(606, 37, 'Muhammad Rafel Alfarizal', 1, 4, 7, 1, '4.03', 5),
(607, 38, 'Dimas Aryo Sudariko', 1, 4, 7, 1, '4.16', 5),
(608, 39, 'Raka Dwi Purnama', 1, 4, 7, 1, '3.89', 5),
(609, 8, 'Dendi Arya Aza Pratama', 1, 4, 7, 2, '4.93', 4),
(610, 9, 'Zacky Bintang Alzamzamy', 1, 4, 7, 2, '4.73', 4),
(611, 10, 'Dicky Ramdiansyah', 1, 4, 7, 2, '4.84', 4),
(612, 11, 'Alfian Kusuma Pradana', 1, 4, 7, 2, '4.99', 4),
(613, 12, 'Satrio Wibowo', 1, 4, 7, 2, '4.92', 4),
(614, 13, 'Dimas Arya', 1, 4, 7, 2, '4.10', 5),
(615, 14, 'Yahya Zakarya', 1, 4, 7, 2, '4.21', 5),
(616, 15, 'Reka Andika Krisna', 1, 4, 7, 2, '4.73', 4),
(617, 16, 'Angga Nareswara Wicaksna', 1, 4, 7, 2, '4.44', 5),
(618, 17, 'Zuhdi Arif Azizi', 1, 4, 7, 2, '4.21', 5),
(619, 18, 'Dyo Akbar Maulana', 1, 4, 7, 2, '4.21', 5),
(620, 19, 'Ahmad Ali Akbar', 1, 4, 7, 2, '4.36', 5),
(621, 20, 'Novalino Ricsawan', 1, 4, 7, 2, '5.04', 4),
(622, 21, 'Muhammad Achmad Ramadhani', 1, 4, 7, 2, '4.30', 5),
(623, 22, 'Akbar Wahyu Bagaskara', 1, 4, 7, 2, '4.34', 5),
(624, 23, 'Tahta Maulana Ishaq', 1, 4, 7, 2, '4.51', 5),
(625, 24, 'David Setyoadi Wicaksono', 1, 4, 7, 2, '4.58', 5),
(626, 25, 'Leonardo Jimmy Putra', 1, 4, 7, 2, '4.67', 5),
(627, 26, 'Javier Rizky Ramadhan', 1, 4, 7, 2, '4.79', 4),
(628, 27, 'Galih Shacha Rakasiwi', 1, 4, 7, 2, '4.37', 5),
(629, 28, 'Mochamad Fatha Chofyan', 1, 4, 7, 2, '4.84', 4),
(630, 29, 'Raffa Agoes Saputro', 1, 4, 7, 2, '4.36', 5),
(631, 30, 'Raditra Galih Agung Gitayasa', 1, 4, 7, 2, '4.69', 5),
(632, 31, 'Elhadji Diva Asmoro', 1, 4, 7, 2, '4.73', 4),
(633, 32, 'Rizki Rahmat', 1, 4, 7, 2, '4.74', 4),
(634, 33, 'Dheo Santoso', 1, 4, 7, 2, '4.16', 5),
(635, 34, 'Muhammad Hafidz Darmawan', 1, 4, 7, 2, '4.99', 4),
(636, 35, 'Ganang Ade Wijaya', 1, 4, 7, 2, '4.49', 5),
(637, 36, 'Erza Zein Rusnandar', 1, 4, 7, 2, '4.05', 5),
(638, 37, 'Muhammad Rafel Alfarizal', 1, 4, 7, 2, '4.88', 4),
(639, 38, 'Dimas Aryo Sudariko', 1, 4, 7, 2, '4.23', 5),
(640, 39, 'Raka Dwi Purnama', 1, 4, 7, 2, '4.98', 4),
(641, 8, 'Dendi Arya Aza Pratama', 1, 4, 7, 3, '4.55', 5),
(642, 9, 'Zacky Bintang Alzamzamy', 1, 4, 7, 3, '4.26', 5),
(643, 10, 'Dicky Ramdiansyah', 1, 4, 7, 3, '4.23', 5),
(644, 11, 'Alfian Kusuma Pradana', 1, 4, 7, 3, '3.98', 5),
(645, 12, 'Satrio Wibowo', 1, 4, 7, 3, '4.40', 5),
(646, 13, 'Dimas Arya', 1, 4, 7, 3, '4.97', 4),
(647, 14, 'Yahya Zakarya', 1, 4, 7, 3, '4.33', 5),
(648, 15, 'Reka Andika Krisna', 1, 4, 7, 3, '5.01', 4),
(649, 16, 'Angga Nareswara Wicaksna', 1, 4, 7, 3, '4.10', 5),
(650, 17, 'Zuhdi Arif Azizi', 1, 4, 7, 3, '4.35', 5),
(651, 18, 'Dyo Akbar Maulana', 1, 4, 7, 3, '4.21', 5),
(652, 19, 'Ahmad Ali Akbar', 1, 4, 7, 3, '4.70', 4),
(653, 20, 'Novalino Ricsawan', 1, 4, 7, 3, '4.36', 5),
(654, 21, 'Muhammad Achmad Ramadhani', 1, 4, 7, 3, '4.82', 4),
(655, 22, 'Akbar Wahyu Bagaskara', 1, 4, 7, 3, '4.98', 4),
(656, 23, 'Tahta Maulana Ishaq', 1, 4, 7, 3, '4.47', 5),
(657, 24, 'David Setyoadi Wicaksono', 1, 4, 7, 3, '4.52', 5),
(658, 25, 'Leonardo Jimmy Putra', 1, 4, 7, 3, '4.49', 5),
(659, 26, 'Javier Rizky Ramadhan', 1, 4, 7, 3, '5.13', 4),
(660, 27, 'Galih Shacha Rakasiwi', 1, 4, 7, 3, '4.36', 5),
(661, 28, 'Mochamad Fatha Chofyan', 1, 4, 7, 3, '4.29', 5),
(662, 29, 'Raffa Agoes Saputro', 1, 4, 7, 3, '4.19', 5),
(663, 30, 'Raditra Galih Agung Gitayasa', 1, 4, 7, 3, '4.11', 5),
(664, 31, 'Elhadji Diva Asmoro', 1, 4, 7, 3, '4.48', 5),
(665, 32, 'Rizki Rahmat', 1, 4, 7, 3, '4.92', 4),
(666, 33, 'Dheo Santoso', 1, 4, 7, 3, '4.41', 5),
(667, 34, 'Muhammad Hafidz Darmawan', 1, 4, 7, 3, '4.13', 5),
(668, 35, 'Ganang Ade Wijaya', 1, 4, 7, 3, '4.01', 5),
(669, 36, 'Erza Zein Rusnandar', 1, 4, 7, 3, '4.61', 5),
(670, 37, 'Muhammad Rafel Alfarizal', 1, 4, 7, 3, '4.45', 5),
(671, 38, 'Dimas Aryo Sudariko', 1, 4, 7, 3, '4.44', 5),
(672, 39, 'Raka Dwi Purnama', 1, 4, 7, 3, '4.48', 5),
(673, 8, 'Dendi Arya Aza Pratama', 1, 4, 7, 4, '5.11', 4),
(674, 9, 'Zacky Bintang Alzamzamy', 1, 4, 7, 4, '4.92', 4),
(675, 10, 'Dicky Ramdiansyah', 1, 4, 7, 4, '4.26', 5),
(676, 11, 'Alfian Kusuma Pradana', 1, 4, 7, 4, '4.61', 5),
(677, 12, 'Satrio Wibowo', 1, 4, 7, 4, '4.90', 4),
(678, 13, 'Dimas Arya', 1, 4, 7, 4, '4.74', 4),
(679, 14, 'Yahya Zakarya', 1, 4, 7, 4, '4.67', 5),
(680, 15, 'Reka Andika Krisna', 1, 4, 7, 4, '5.05', 4),
(681, 16, 'Angga Nareswara Wicaksna', 1, 4, 7, 4, '4.33', 5),
(682, 17, 'Zuhdi Arif Azizi', 1, 4, 7, 4, '4.80', 4),
(683, 18, 'Dyo Akbar Maulana', 1, 4, 7, 4, '4.30', 5),
(684, 19, 'Ahmad Ali Akbar', 1, 4, 7, 4, '4.60', 5),
(685, 20, 'Novalino Ricsawan', 1, 4, 7, 4, '4.95', 4),
(686, 21, 'Muhammad Achmad Ramadhani', 1, 4, 7, 4, '4.91', 4),
(687, 22, 'Akbar Wahyu Bagaskara', 1, 4, 7, 4, '4.50', 5),
(688, 23, 'Tahta Maulana Ishaq', 1, 4, 7, 4, '4.53', 5),
(689, 24, 'David Setyoadi Wicaksono', 1, 4, 7, 4, '4.66', 5),
(690, 25, 'Leonardo Jimmy Putra', 1, 4, 7, 4, '4.82', 4),
(691, 26, 'Javier Rizky Ramadhan', 1, 4, 7, 4, '4.59', 5),
(692, 27, 'Galih Shacha Rakasiwi', 1, 4, 7, 4, '4.38', 5),
(693, 28, 'Mochamad Fatha Chofyan', 1, 4, 7, 4, '4.96', 4),
(694, 29, 'Raffa Agoes Saputro', 1, 4, 7, 4, '4.56', 5),
(695, 30, 'Raditra Galih Agung Gitayasa', 1, 4, 7, 4, '5.15', 4),
(696, 31, 'Elhadji Diva Asmoro', 1, 4, 7, 4, '4.98', 4),
(697, 32, 'Rizki Rahmat', 1, 4, 7, 4, '4.38', 5),
(698, 33, 'Dheo Santoso', 1, 4, 7, 4, '4.00', 5),
(699, 34, 'Muhammad Hafidz Darmawan', 1, 4, 7, 4, '4.65', 5),
(700, 35, 'Ganang Ade Wijaya', 1, 4, 7, 4, '4.24', 5),
(701, 36, 'Erza Zein Rusnandar', 1, 4, 7, 4, '4.95', 4),
(702, 37, 'Muhammad Rafel Alfarizal', 1, 4, 7, 4, '4.36', 5),
(703, 38, 'Dimas Aryo Sudariko', 1, 4, 7, 4, '4.30', 5),
(704, 39, 'Raka Dwi Purnama', 1, 4, 7, 4, '4.34', 5),
(705, 8, 'Dendi Arya Aza Pratama', 1, 4, 7, 5, '4.71', 4),
(706, 9, 'Zacky Bintang Alzamzamy', 1, 4, 7, 5, '5.10', 4),
(707, 10, 'Dicky Ramdiansyah', 1, 4, 7, 5, '4.22', 5),
(708, 11, 'Alfian Kusuma Pradana', 1, 4, 7, 5, '4.95', 4),
(709, 12, 'Satrio Wibowo', 1, 4, 7, 5, '5.15', 4),
(710, 13, 'Dimas Arya', 1, 4, 7, 5, '4.82', 4),
(711, 14, 'Yahya Zakarya', 1, 4, 7, 5, '4.53', 5),
(712, 15, 'Reka Andika Krisna', 1, 4, 7, 5, '5.11', 4),
(713, 16, 'Angga Nareswara Wicaksna', 1, 4, 7, 5, '4.77', 4),
(714, 17, 'Zuhdi Arif Azizi', 1, 4, 7, 5, '4.99', 4),
(715, 18, 'Dyo Akbar Maulana', 1, 4, 7, 5, '4.52', 5),
(716, 19, 'Ahmad Ali Akbar', 1, 4, 7, 5, '4.88', 4),
(717, 20, 'Novalino Ricsawan', 1, 4, 7, 5, '5.08', 4),
(718, 21, 'Muhammad Achmad Ramadhani', 1, 4, 7, 5, '4.85', 4),
(719, 22, 'Akbar Wahyu Bagaskara', 1, 4, 7, 5, '5.15', 4),
(720, 23, 'Tahta Maulana Ishaq', 1, 4, 7, 5, '4.26', 5),
(721, 24, 'David Setyoadi Wicaksono', 1, 4, 7, 5, '5.14', 4),
(722, 25, 'Leonardo Jimmy Putra', 1, 4, 7, 5, '4.85', 4),
(723, 26, 'Javier Rizky Ramadhan', 1, 4, 7, 5, '4.92', 4),
(724, 27, 'Galih Shacha Rakasiwi', 1, 4, 7, 5, '5.12', 4),
(725, 28, 'Mochamad Fatha Chofyan', 1, 4, 7, 5, '5.05', 4),
(726, 29, 'Raffa Agoes Saputro', 1, 4, 7, 5, '4.92', 4),
(727, 30, 'Raditra Galih Agung Gitayasa', 1, 4, 7, 5, '4.72', 4),
(728, 31, 'Elhadji Diva Asmoro', 1, 4, 7, 5, '5.01', 4),
(729, 32, 'Rizki Rahmat', 1, 4, 7, 5, '5.11', 4),
(730, 33, 'Dheo Santoso', 1, 4, 7, 5, '4.59', 5),
(731, 34, 'Muhammad Hafidz Darmawan', 1, 4, 7, 5, '4.97', 4),
(732, 35, 'Ganang Ade Wijaya', 1, 4, 7, 5, '4.92', 4),
(733, 36, 'Erza Zein Rusnandar', 1, 4, 7, 5, '5.09', 4),
(734, 37, 'Muhammad Rafel Alfarizal', 1, 4, 7, 5, '4.74', 4),
(735, 38, 'Dimas Aryo Sudariko', 1, 4, 7, 5, '4.78', 4),
(736, 39, 'Raka Dwi Purnama', 1, 4, 7, 5, '4.51', 5),
(738, 42, 'KVDVH', 6, 1, 1, 1, '5.00', 3),
(739, 43, 'RF', 6, 1, 1, 1, '6.00', 3),
(740, 44, 'HAJ', 6, 1, 1, 1, '5.00', 3),
(741, 45, 'BN', 6, 1, 1, 1, '9.00', 5),
(742, 46, 'DAA', 6, 1, 1, 1, '9.00', 5),
(743, 47, 'RAK', 6, 1, 1, 1, '8.00', 4),
(744, 48, 'DBS', 6, 1, 1, 1, '7.00', 4),
(745, 49, 'AFF', 6, 1, 1, 1, '8.00', 4),
(746, 50, 'AH', 6, 1, 1, 1, '8.00', 4),
(747, 51, 'MAT', 6, 1, 1, 1, '6.00', 3),
(748, 52, 'DSSRP', 6, 1, 1, 1, '9.00', 5),
(749, 53, 'MRA', 6, 1, 1, 1, '7.00', 4),
(750, 54, 'AR', 6, 1, 1, 1, '7.00', 4),
(751, 55, 'MRS', 6, 1, 1, 1, '7.00', 4),
(752, 56, 'EBA', 6, 1, 1, 1, '5.00', 3),
(753, 57, 'ADJ', 6, 1, 1, 1, '6.00', 3),
(754, 58, 'AD', 6, 1, 1, 1, '8.00', 4),
(755, 59, 'SZM', 6, 1, 1, 1, '10.00', 5),
(756, 60, 'SM', 6, 1, 1, 1, '8.00', 4),
(757, 61, 'MRSP', 6, 1, 1, 1, '7.00', 4),
(758, 62, 'SDO', 6, 1, 1, 1, '8.00', 4),
(759, 63, 'BS', 6, 1, 1, 1, '5.00', 3),
(760, 42, 'KVDVH', 6, 1, 1, 2, '7.00', 4),
(761, 43, 'RF', 6, 1, 1, 2, '10.00', 5),
(762, 44, 'HAJ', 6, 1, 1, 2, '10.00', 5),
(763, 45, 'BN', 6, 1, 1, 2, '8.00', 4),
(764, 46, 'DAA', 6, 1, 1, 2, '10.00', 5),
(765, 47, 'RAK', 6, 1, 1, 2, '8.00', 4),
(766, 48, 'DBS', 6, 1, 1, 2, '8.00', 4),
(767, 49, 'AFF', 6, 1, 1, 2, '8.00', 4),
(768, 50, 'AH', 6, 1, 1, 2, '7.00', 4),
(769, 51, 'MAT', 6, 1, 1, 2, '7.00', 4),
(770, 52, 'DSSRP', 6, 1, 1, 2, '6.00', 3),
(771, 53, 'MRA', 6, 1, 1, 2, '6.00', 3),
(772, 54, 'AR', 6, 1, 1, 2, '8.00', 4),
(773, 55, 'MRS', 6, 1, 1, 2, '7.00', 4),
(774, 56, 'EBA', 6, 1, 1, 2, '9.00', 5),
(775, 57, 'ADJ', 6, 1, 1, 2, '7.00', 4),
(776, 58, 'AD', 6, 1, 1, 2, '5.00', 3),
(777, 59, 'SZM', 6, 1, 1, 2, '6.00', 3),
(778, 60, 'SM', 6, 1, 1, 2, '5.00', 3),
(779, 61, 'MRSP', 6, 1, 1, 2, '8.00', 4),
(780, 62, 'SDO', 6, 1, 1, 2, '8.00', 4),
(781, 63, 'BS', 6, 1, 1, 2, '10.00', 5),
(782, 42, 'KVDVH', 6, 1, 2, 1, '4.00', 4),
(783, 43, 'RF', 6, 1, 2, 1, '5.00', 5),
(784, 44, 'HAJ', 6, 1, 2, 1, '5.00', 5),
(785, 45, 'BN', 6, 1, 2, 1, '5.00', 5),
(786, 46, 'DAA', 6, 1, 2, 1, '4.00', 4),
(787, 47, 'RAK', 6, 1, 2, 1, '5.00', 5),
(788, 48, 'DBS', 6, 1, 2, 1, '5.00', 5),
(789, 49, 'AFF', 6, 1, 2, 1, '5.00', 5),
(790, 50, 'AH', 6, 1, 2, 1, '4.00', 4),
(791, 51, 'MAT', 6, 1, 2, 1, '5.00', 5),
(792, 52, 'DSSRP', 6, 1, 2, 1, '5.00', 5),
(793, 53, 'MRA', 6, 1, 2, 1, '4.00', 4),
(794, 54, 'AR', 6, 1, 2, 1, '4.00', 4),
(795, 55, 'MRS', 6, 1, 2, 1, '5.00', 5),
(796, 56, 'EBA', 6, 1, 2, 1, '4.00', 4),
(797, 57, 'ADJ', 6, 1, 2, 1, '4.00', 4),
(798, 58, 'AD', 6, 1, 2, 1, '4.00', 4),
(799, 59, 'SZM', 6, 1, 2, 1, '5.00', 5),
(800, 60, 'SM', 6, 1, 2, 1, '5.00', 5),
(801, 61, 'MRSP', 6, 1, 2, 1, '4.00', 4),
(802, 62, 'SDO', 6, 1, 2, 1, '4.00', 4),
(803, 63, 'BS', 6, 1, 2, 1, '5.00', 5),
(804, 42, 'KVDVH', 6, 1, 2, 2, '4.00', 4),
(805, 43, 'RF', 6, 1, 2, 2, '5.00', 5),
(806, 44, 'HAJ', 6, 1, 2, 2, '5.00', 5),
(807, 45, 'BN', 6, 1, 2, 2, '4.00', 4),
(808, 46, 'DAA', 6, 1, 2, 2, '4.00', 4),
(809, 47, 'RAK', 6, 1, 2, 2, '4.00', 4),
(810, 48, 'DBS', 6, 1, 2, 2, '5.00', 5),
(811, 49, 'AFF', 6, 1, 2, 2, '5.00', 5),
(812, 50, 'AH', 6, 1, 2, 2, '5.00', 5),
(813, 51, 'MAT', 6, 1, 2, 2, '5.00', 5),
(814, 52, 'DSSRP', 6, 1, 2, 2, '4.00', 4),
(815, 53, 'MRA', 6, 1, 2, 2, '5.00', 5),
(816, 54, 'AR', 6, 1, 2, 2, '5.00', 5),
(817, 55, 'MRS', 6, 1, 2, 2, '5.00', 5),
(818, 56, 'EBA', 6, 1, 2, 2, '5.00', 5),
(819, 57, 'ADJ', 6, 1, 2, 2, '4.00', 4),
(820, 58, 'AD', 6, 1, 2, 2, '4.00', 4),
(821, 59, 'SZM', 6, 1, 2, 2, '4.00', 4),
(822, 60, 'SM', 6, 1, 2, 2, '4.00', 4),
(823, 61, 'MRSP', 6, 1, 2, 2, '4.00', 4),
(824, 62, 'SDO', 6, 1, 2, 2, '5.00', 5),
(825, 63, 'BS', 6, 1, 2, 2, '5.00', 5),
(826, 42, 'KVDVH', 6, 2, 3, 1, '6.00', 3),
(827, 43, 'RF', 6, 2, 3, 1, '8.00', 4),
(828, 44, 'HAJ', 6, 2, 3, 1, '2.00', 1),
(829, 45, 'BN', 6, 2, 3, 1, '10.00', 5),
(830, 46, 'DAA', 6, 2, 3, 1, '9.00', 5),
(831, 47, 'RAK', 6, 2, 3, 1, '10.00', 5),
(832, 48, 'DBS', 6, 2, 3, 1, '5.00', 3),
(833, 49, 'AFF', 6, 2, 3, 1, '10.00', 5),
(834, 50, 'AH', 6, 2, 3, 1, '10.00', 5),
(835, 51, 'MAT', 6, 2, 3, 1, '2.00', 1),
(836, 52, 'DSSRP', 6, 2, 3, 1, '5.00', 3),
(837, 53, 'MRA', 6, 2, 3, 1, '4.00', 2),
(838, 54, 'AR', 6, 2, 3, 1, '3.00', 2),
(839, 55, 'MRS', 6, 2, 3, 1, '5.00', 3),
(840, 56, 'EBA', 6, 2, 3, 1, '5.00', 3),
(841, 57, 'ADJ', 6, 2, 3, 1, '2.00', 1),
(842, 58, 'AD', 6, 2, 3, 1, '3.00', 2),
(843, 59, 'SZM', 6, 2, 3, 1, '8.00', 4),
(844, 60, 'SM', 6, 2, 3, 1, '2.00', 1),
(845, 61, 'MRSP', 6, 2, 3, 1, '5.00', 3),
(846, 62, 'SDO', 6, 2, 3, 1, '9.00', 5),
(847, 63, 'BS', 6, 2, 3, 1, '5.00', 3),
(848, 42, 'KVDVH', 6, 2, 3, 2, '5.00', 3),
(849, 43, 'RF', 6, 2, 3, 2, '9.00', 5),
(850, 44, 'HAJ', 6, 2, 3, 2, '6.00', 3),
(851, 45, 'BN', 6, 2, 3, 2, '7.00', 4),
(852, 46, 'DAA', 6, 2, 3, 2, '7.00', 4),
(853, 47, 'RAK', 6, 2, 3, 2, '8.00', 4),
(854, 48, 'DBS', 6, 2, 3, 2, '9.00', 5),
(855, 49, 'AFF', 6, 2, 3, 2, '9.00', 5),
(856, 50, 'AH', 6, 2, 3, 2, '7.00', 4),
(857, 51, 'MAT', 6, 2, 3, 2, '4.00', 2),
(858, 52, 'DSSRP', 6, 2, 3, 2, '5.00', 3),
(859, 53, 'MRA', 6, 2, 3, 2, '1.00', 1),
(860, 54, 'AR', 6, 2, 3, 2, '5.00', 3),
(861, 55, 'MRS', 6, 2, 3, 2, '7.00', 4),
(862, 56, 'EBA', 6, 2, 3, 2, '5.00', 3),
(863, 57, 'ADJ', 6, 2, 3, 2, '3.00', 2),
(864, 58, 'AD', 6, 2, 3, 2, '6.00', 3),
(865, 59, 'SZM', 6, 2, 3, 2, '6.00', 3),
(866, 60, 'SM', 6, 2, 3, 2, '2.00', 1),
(867, 61, 'MRSP', 6, 2, 3, 2, '3.00', 2),
(868, 62, 'SDO', 6, 2, 3, 2, '7.00', 4),
(869, 63, 'BS', 6, 2, 3, 2, '7.00', 4),
(870, 42, 'KVDVH', 6, 2, 4, 1, '4.00', 4),
(871, 43, 'RF', 6, 2, 4, 1, '4.00', 4),
(872, 44, 'HAJ', 6, 2, 4, 1, '4.00', 4),
(873, 45, 'BN', 6, 2, 4, 1, '5.00', 5),
(874, 46, 'DAA', 6, 2, 4, 1, '4.00', 4),
(875, 47, 'RAK', 6, 2, 4, 1, '5.00', 5),
(876, 48, 'DBS', 6, 2, 4, 1, '5.00', 5),
(877, 49, 'AFF', 6, 2, 4, 1, '5.00', 5),
(878, 50, 'AH', 6, 2, 4, 1, '5.00', 5),
(879, 51, 'MAT', 6, 2, 4, 1, '4.00', 4),
(880, 52, 'DSSRP', 6, 2, 4, 1, '4.00', 4),
(881, 53, 'MRA', 6, 2, 4, 1, '4.00', 4),
(882, 54, 'AR', 6, 2, 4, 1, '4.00', 4),
(883, 55, 'MRS', 6, 2, 4, 1, '4.00', 4),
(884, 56, 'EBA', 6, 2, 4, 1, '5.00', 5),
(885, 57, 'ADJ', 6, 2, 4, 1, '5.00', 5),
(886, 58, 'AD', 6, 2, 4, 1, '4.00', 4),
(887, 59, 'SZM', 6, 2, 4, 1, '4.00', 4),
(888, 60, 'SM', 6, 2, 4, 1, '5.00', 5),
(889, 61, 'MRSP', 6, 2, 4, 1, '5.00', 5),
(890, 62, 'SDO', 6, 2, 4, 1, '4.00', 4),
(891, 63, 'BS', 6, 2, 4, 1, '5.00', 5),
(892, 42, 'KVDVH', 6, 2, 4, 2, '5.00', 5),
(893, 43, 'RF', 6, 2, 4, 2, '4.00', 4),
(894, 44, 'HAJ', 6, 2, 4, 2, '4.00', 4),
(895, 45, 'BN', 6, 2, 4, 2, '5.00', 5),
(896, 46, 'DAA', 6, 2, 4, 2, '4.00', 4),
(897, 47, 'RAK', 6, 2, 4, 2, '4.00', 4),
(898, 48, 'DBS', 6, 2, 4, 2, '4.00', 4),
(899, 49, 'AFF', 6, 2, 4, 2, '4.00', 4),
(900, 50, 'AH', 6, 2, 4, 2, '5.00', 5),
(901, 51, 'MAT', 6, 2, 4, 2, '4.00', 4),
(902, 52, 'DSSRP', 6, 2, 4, 2, '5.00', 5),
(903, 53, 'MRA', 6, 2, 4, 2, '4.00', 4),
(904, 54, 'AR', 6, 2, 4, 2, '4.00', 4),
(905, 55, 'MRS', 6, 2, 4, 2, '4.00', 4),
(906, 56, 'EBA', 6, 2, 4, 2, '4.00', 4),
(907, 57, 'ADJ', 6, 2, 4, 2, '5.00', 5),
(908, 58, 'AD', 6, 2, 4, 2, '5.00', 5),
(909, 59, 'SZM', 6, 2, 4, 2, '4.00', 4),
(910, 60, 'SM', 6, 2, 4, 2, '5.00', 5),
(911, 61, 'MRSP', 6, 2, 4, 2, '4.00', 4),
(912, 62, 'SDO', 6, 2, 4, 2, '4.00', 4),
(913, 63, 'BS', 6, 2, 4, 2, '5.00', 5),
(914, 42, 'KVDVH', 6, 3, 5, 1, '110.00', 2),
(915, 43, 'RF', 6, 3, 5, 1, '135.00', 2),
(916, 44, 'HAJ', 6, 3, 5, 1, '140.00', 2),
(917, 45, 'BN', 6, 3, 5, 1, '225.00', 3),
(918, 46, 'DAA', 6, 3, 5, 1, '195.00', 2),
(919, 47, 'RAK', 6, 3, 5, 1, '205.00', 3),
(920, 48, 'DBS', 6, 3, 5, 1, '185.00', 2),
(921, 49, 'AFF', 6, 3, 5, 1, '210.00', 3),
(922, 50, 'AH', 6, 3, 5, 1, '215.00', 3),
(923, 51, 'MAT', 6, 3, 5, 1, '100.00', 2),
(924, 52, 'DSSRP', 6, 3, 5, 1, '145.00', 2),
(925, 53, 'MRA', 6, 3, 5, 1, '135.00', 2),
(926, 54, 'AR', 6, 3, 5, 1, '130.00', 2),
(927, 55, 'MRS', 6, 3, 5, 1, '220.00', 3),
(928, 56, 'EBA', 6, 3, 5, 1, '105.00', 2),
(929, 57, 'ADJ', 6, 3, 5, 1, '135.00', 2),
(930, 58, 'AD', 6, 3, 5, 1, '70.00', 1),
(931, 59, 'SZM', 6, 3, 5, 1, '115.00', 2),
(932, 60, 'SM', 6, 3, 5, 1, '100.00', 2),
(933, 61, 'MRSP', 6, 3, 5, 1, '125.00', 2),
(934, 62, 'SDO', 6, 3, 5, 1, '185.00', 2),
(935, 63, 'BS', 6, 3, 5, 1, '150.00', 2),
(936, 42, 'KVDVH', 6, 3, 5, 2, '110.00', 2),
(937, 43, 'RF', 6, 3, 5, 2, '150.00', 2),
(938, 44, 'HAJ', 6, 3, 5, 2, '135.00', 2),
(939, 45, 'BN', 6, 3, 5, 2, '225.00', 3),
(940, 46, 'DAA', 6, 3, 5, 2, '220.00', 3),
(941, 47, 'RAK', 6, 3, 5, 2, '215.00', 3),
(942, 48, 'DBS', 6, 3, 5, 2, '200.00', 2),
(943, 49, 'AFF', 6, 3, 5, 2, '225.00', 3),
(944, 50, 'AH', 6, 3, 5, 2, '205.00', 3),
(945, 51, 'MAT', 6, 3, 5, 2, '100.00', 2),
(946, 52, 'DSSRP', 6, 3, 5, 2, '135.00', 2),
(947, 53, 'MRA', 6, 3, 5, 2, '100.00', 2),
(948, 54, 'AR', 6, 3, 5, 2, '135.00', 2),
(949, 55, 'MRS', 6, 3, 5, 2, '190.00', 2),
(950, 56, 'EBA', 6, 3, 5, 2, '130.00', 2),
(951, 57, 'ADJ', 6, 3, 5, 2, '130.00', 2),
(952, 58, 'AD', 6, 3, 5, 2, '115.00', 2),
(953, 59, 'SZM', 6, 3, 5, 2, '115.00', 2),
(954, 60, 'SM', 6, 3, 5, 2, '100.00', 2),
(955, 61, 'MRSP', 6, 3, 5, 2, '110.00', 2),
(956, 62, 'SDO', 6, 3, 5, 2, '185.00', 2),
(957, 63, 'BS', 6, 3, 5, 2, '145.00', 2),
(958, 42, 'KVDVH', 6, 3, 6, 1, '4.00', 4),
(959, 43, 'RF', 6, 3, 6, 1, '4.00', 4),
(960, 44, 'HAJ', 6, 3, 6, 1, '4.00', 4),
(961, 45, 'BN', 6, 3, 6, 1, '4.00', 4),
(962, 46, 'DAA', 6, 3, 6, 1, '5.00', 5),
(963, 47, 'RAK', 6, 3, 6, 1, '5.00', 5),
(964, 48, 'DBS', 6, 3, 6, 1, '5.00', 5),
(965, 49, 'AFF', 6, 3, 6, 1, '4.00', 4),
(966, 50, 'AH', 6, 3, 6, 1, '4.00', 4),
(967, 51, 'MAT', 6, 3, 6, 1, '5.00', 5),
(968, 52, 'DSSRP', 6, 3, 6, 1, '5.00', 5),
(969, 53, 'MRA', 6, 3, 6, 1, '5.00', 5),
(970, 54, 'AR', 6, 3, 6, 1, '5.00', 5),
(971, 55, 'MRS', 6, 3, 6, 1, '5.00', 5),
(972, 56, 'EBA', 6, 3, 6, 1, '5.00', 5),
(973, 57, 'ADJ', 6, 3, 6, 1, '5.00', 5),
(974, 58, 'AD', 6, 3, 6, 1, '5.00', 5),
(975, 59, 'SZM', 6, 3, 6, 1, '5.00', 5);
INSERT INTO `nilai_per_tes` (`id_nilai_tes`, `id_akun`, `nama_peserta`, `id_seleksi`, `id_bobot_tes`, `id_bobot_sub_tes`, `set_ke`, `nilai_asli`, `nilai_konversi`) VALUES
(976, 60, 'SM', 6, 3, 6, 1, '5.00', 5),
(977, 61, 'MRSP', 6, 3, 6, 1, '5.00', 5),
(978, 62, 'SDO', 6, 3, 6, 1, '5.00', 5),
(979, 63, 'BS', 6, 3, 6, 1, '5.00', 5),
(980, 42, 'KVDVH', 6, 3, 6, 2, '4.00', 4),
(981, 43, 'RF', 6, 3, 6, 2, '5.00', 5),
(982, 44, 'HAJ', 6, 3, 6, 2, '4.00', 4),
(983, 45, 'BN', 6, 3, 6, 2, '5.00', 5),
(984, 46, 'DAA', 6, 3, 6, 2, '4.00', 4),
(985, 47, 'RAK', 6, 3, 6, 2, '5.00', 5),
(986, 48, 'DBS', 6, 3, 6, 2, '4.00', 4),
(987, 49, 'AFF', 6, 3, 6, 2, '4.00', 4),
(988, 50, 'AH', 6, 3, 6, 2, '4.00', 4),
(989, 51, 'MAT', 6, 3, 6, 2, '4.00', 4),
(990, 52, 'DSSRP', 6, 3, 6, 2, '4.00', 4),
(991, 53, 'MRA', 6, 3, 6, 2, '5.00', 5),
(992, 54, 'AR', 6, 3, 6, 2, '4.00', 4),
(993, 55, 'MRS', 6, 3, 6, 2, '5.00', 5),
(994, 56, 'EBA', 6, 3, 6, 2, '5.00', 5),
(995, 57, 'ADJ', 6, 3, 6, 2, '4.00', 4),
(996, 58, 'AD', 6, 3, 6, 2, '4.00', 4),
(997, 59, 'SZM', 6, 3, 6, 2, '4.00', 4),
(998, 60, 'SM', 6, 3, 6, 2, '4.00', 4),
(999, 61, 'MRSP', 6, 3, 6, 2, '4.00', 4),
(1000, 62, 'SDO', 6, 3, 6, 2, '5.00', 5),
(1001, 63, 'BS', 6, 3, 6, 2, '4.00', 4),
(1002, 42, 'KVDVH', 6, 4, 7, 1, '8.23', 1),
(1003, 43, 'RF', 6, 4, 7, 1, '8.63', 1),
(1004, 44, 'HAJ', 6, 4, 7, 1, '8.55', 1),
(1005, 45, 'BN', 6, 4, 7, 1, '6.05', 3),
(1006, 46, 'DAA', 6, 4, 7, 1, '6.39', 3),
(1007, 47, 'RAK', 6, 4, 7, 1, '7.05', 2),
(1008, 48, 'DBS', 6, 4, 7, 1, '7.94', 2),
(1009, 49, 'AFF', 6, 4, 7, 1, '8.25', 1),
(1010, 50, 'AH', 6, 4, 7, 1, '8.49', 1),
(1011, 51, 'MAT', 6, 4, 7, 1, '9.04', 1),
(1012, 52, 'DSSRP', 6, 4, 7, 1, '8.45', 1),
(1013, 53, 'MRA', 6, 4, 7, 1, '9.88', 1),
(1014, 54, 'AR', 6, 4, 7, 1, '8.30', 1),
(1015, 55, 'MRS', 6, 4, 7, 1, '8.30', 1),
(1016, 56, 'EBA', 6, 4, 7, 1, '8.24', 1),
(1017, 57, 'ADJ', 6, 4, 7, 1, '8.52', 1),
(1018, 58, 'AD', 6, 4, 7, 1, '9.02', 1),
(1019, 59, 'SZM', 6, 4, 7, 1, '7.43', 2),
(1020, 60, 'SM', 6, 4, 7, 1, '10.28', 1),
(1021, 61, 'MRSP', 6, 4, 7, 1, '6.14', 3),
(1022, 62, 'SDO', 6, 4, 7, 1, '7.77', 2),
(1023, 63, 'BS', 6, 4, 7, 1, '9.02', 1),
(1024, 42, 'KVDVH', 6, 4, 7, 2, '8.61', 1),
(1025, 43, 'RF', 6, 4, 7, 2, '7.38', 2),
(1026, 44, 'HAJ', 6, 4, 7, 2, '8.22', 1),
(1027, 45, 'BN', 6, 4, 7, 2, '7.45', 2),
(1028, 46, 'DAA', 6, 4, 7, 2, '6.93', 2),
(1029, 47, 'RAK', 6, 4, 7, 2, '7.59', 2),
(1030, 48, 'DBS', 6, 4, 7, 2, '7.95', 2),
(1031, 49, 'AFF', 6, 4, 7, 2, '7.70', 2),
(1032, 50, 'AH', 6, 4, 7, 2, '8.03', 1),
(1033, 51, 'MAT', 6, 4, 7, 2, '7.38', 2),
(1034, 52, 'DSSRP', 6, 4, 7, 2, '8.90', 1),
(1035, 53, 'MRA', 6, 4, 7, 2, '9.08', 1),
(1036, 54, 'AR', 6, 4, 7, 2, '8.40', 1),
(1037, 55, 'MRS', 6, 4, 7, 2, '8.14', 1),
(1038, 56, 'EBA', 6, 4, 7, 2, '8.29', 1),
(1039, 57, 'ADJ', 6, 4, 7, 2, '8.83', 1),
(1040, 58, 'AD', 6, 4, 7, 2, '8.49', 1),
(1041, 59, 'SZM', 6, 4, 7, 2, '7.32', 2),
(1042, 60, 'SM', 6, 4, 7, 2, '10.33', 1),
(1043, 61, 'MRSP', 6, 4, 7, 2, '8.23', 1),
(1044, 62, 'SDO', 6, 4, 7, 2, '7.32', 2),
(1045, 63, 'BS', 6, 4, 7, 2, '8.21', 1),
(1046, 42, 'KVDVH', 6, 4, 7, 3, '9.19', 1),
(1047, 43, 'RF', 6, 4, 7, 3, '8.81', 1),
(1048, 44, 'HAJ', 6, 4, 7, 3, '8.20', 1),
(1049, 45, 'BN', 6, 4, 7, 3, '8.49', 1),
(1050, 46, 'DAA', 6, 4, 7, 3, '6.68', 3),
(1051, 47, 'RAK', 6, 4, 7, 3, '6.95', 2),
(1052, 48, 'DBS', 6, 4, 7, 3, '8.02', 1),
(1053, 49, 'AFF', 6, 4, 7, 3, '8.25', 1),
(1054, 50, 'AH', 6, 4, 7, 3, '8.25', 1),
(1055, 51, 'MAT', 6, 4, 7, 3, '9.09', 1),
(1056, 52, 'DSSRP', 6, 4, 7, 3, '9.04', 1),
(1057, 53, 'MRA', 6, 4, 7, 3, '9.02', 1),
(1058, 54, 'AR', 6, 4, 7, 3, '7.64', 2),
(1059, 55, 'MRS', 6, 4, 7, 3, '7.54', 2),
(1060, 56, 'EBA', 6, 4, 7, 3, '8.91', 1),
(1061, 57, 'ADJ', 6, 4, 7, 3, '8.05', 1),
(1062, 58, 'AD', 6, 4, 7, 3, '8.41', 1),
(1063, 59, 'SZM', 6, 4, 7, 3, '7.86', 2),
(1064, 60, 'SM', 6, 4, 7, 3, '10.46', 1),
(1065, 61, 'MRSP', 6, 4, 7, 3, '9.13', 1),
(1066, 62, 'SDO', 6, 4, 7, 3, '7.77', 2),
(1067, 63, 'BS', 6, 4, 7, 3, '8.53', 1),
(1068, 42, 'KVDVH', 6, 4, 7, 4, '10.37', 1),
(1069, 43, 'RF', 6, 4, 7, 4, '8.71', 1),
(1070, 44, 'HAJ', 6, 4, 7, 4, '8.37', 1),
(1071, 45, 'BN', 6, 4, 7, 4, '8.11', 1),
(1072, 46, 'DAA', 6, 4, 7, 4, '7.32', 2),
(1073, 47, 'RAK', 6, 4, 7, 4, '7.92', 2),
(1074, 48, 'DBS', 6, 4, 7, 4, '7.41', 2),
(1075, 49, 'AFF', 6, 4, 7, 4, '8.05', 1),
(1076, 50, 'AH', 6, 4, 7, 4, '7.91', 2),
(1077, 51, 'MAT', 6, 4, 7, 4, '8.88', 1),
(1078, 52, 'DSSRP', 6, 4, 7, 4, '8.84', 1),
(1079, 53, 'MRA', 6, 4, 7, 4, '8.55', 1),
(1080, 54, 'AR', 6, 4, 7, 4, '7.88', 2),
(1081, 55, 'MRS', 6, 4, 7, 4, '7.88', 2),
(1082, 56, 'EBA', 6, 4, 7, 4, '8.45', 1),
(1083, 57, 'ADJ', 6, 4, 7, 4, '8.19', 1),
(1084, 58, 'AD', 6, 4, 7, 4, '8.75', 1),
(1085, 59, 'SZM', 6, 4, 7, 4, '7.89', 2),
(1086, 60, 'SM', 6, 4, 7, 4, '11.24', 1),
(1087, 61, 'MRSP', 6, 4, 7, 4, '9.57', 1),
(1088, 62, 'SDO', 6, 4, 7, 4, '7.97', 2),
(1089, 63, 'BS', 6, 4, 7, 4, '8.25', 1),
(1090, 42, 'KVDVH', 6, 4, 7, 5, '9.45', 1),
(1091, 43, 'RF', 6, 4, 7, 5, '8.95', 1),
(1092, 44, 'HAJ', 6, 4, 7, 5, '8.95', 1),
(1093, 45, 'BN', 6, 4, 7, 5, '7.45', 2),
(1094, 46, 'DAA', 6, 4, 7, 5, '7.03', 2),
(1095, 47, 'RAK', 6, 4, 7, 5, '8.02', 1),
(1096, 48, 'DBS', 6, 4, 7, 5, '7.95', 2),
(1097, 49, 'AFF', 6, 4, 7, 5, '7.91', 2),
(1098, 50, 'AH', 6, 4, 7, 5, '7.83', 2),
(1099, 51, 'MAT', 6, 4, 7, 5, '9.03', 1),
(1100, 52, 'DSSRP', 6, 4, 7, 5, '8.71', 1),
(1101, 53, 'MRA', 6, 4, 7, 5, '9.40', 1),
(1102, 54, 'AR', 6, 4, 7, 5, '8.63', 1),
(1103, 55, 'MRS', 6, 4, 7, 5, '8.41', 1),
(1104, 56, 'EBA', 6, 4, 7, 5, '8.59', 1),
(1105, 57, 'ADJ', 6, 4, 7, 5, '8.77', 1),
(1106, 58, 'AD', 6, 4, 7, 5, '8.49', 1),
(1107, 59, 'SZM', 6, 4, 7, 5, '8.18', 1),
(1108, 60, 'SM', 6, 4, 7, 5, '10.99', 1),
(1109, 61, 'MRSP', 6, 4, 7, 5, '8.70', 1),
(1110, 62, 'SDO', 6, 4, 7, 5, '8.18', 1),
(1111, 63, 'BS', 6, 4, 7, 5, '8.66', 1);

-- --------------------------------------------------------

--
-- Table structure for table `nilai_standar`
--

CREATE TABLE `nilai_standar` (
  `id_nilai_standar` int(11) NOT NULL,
  `id_bobot_tes` int(11) NOT NULL,
  `jenis_tes` varchar(20) NOT NULL,
  `nilai_standar` int(11) NOT NULL
) ENGINE=InnoDB DEFAULT CHARSET=latin1;

--
-- Dumping data for table `nilai_standar`
--

INSERT INTO `nilai_standar` (`id_nilai_standar`, `id_bobot_tes`, `jenis_tes`, `nilai_standar`) VALUES
(1, 1, 'Tes Pukul', 0),
(2, 2, 'Tes Tangkap', 0),
(3, 3, 'Tes Lempar', 0),
(4, 4, 'Tes Lari', 0);

-- --------------------------------------------------------

--
-- Table structure for table `nilai_tes`
--

CREATE TABLE `nilai_tes` (
  `id_nilai` int(11) NOT NULL,
  `id_akun` int(11) NOT NULL,
  `nama_peserta` varchar(100) NOT NULL,
  `id_seleksi` int(11) NOT NULL,
  `id_bobot_tes` int(11) NOT NULL,
  `nilai_tes_keterampilan` decimal(6,4) NOT NULL DEFAULT '0.0000',
  `nilai_tes_unjuk_kerja` decimal(6,4) NOT NULL DEFAULT '0.0000',
  `nilai_si` decimal(10,4) NOT NULL DEFAULT '0.0000',
  `nilai_ri` decimal(10,4) NOT NULL DEFAULT '0.0000',
  `nilai_q1` decimal(10,4) NOT NULL DEFAULT '0.0000',
  `nilai_q2` decimal(10,4) NOT NULL DEFAULT '0.0000',
  `nilai_q3` decimal(10,4) NOT NULL DEFAULT '0.0000',
  `status` enum('Memenuhi Standar','Tidak Memenuhi Standar','') NOT NULL DEFAULT 'Memenuhi Standar'
) ENGINE=InnoDB DEFAULT CHARSET=latin1;

--
-- Indexes for dumped tables
--

--
-- Indexes for table `akun`
--
ALTER TABLE `akun`
  ADD PRIMARY KEY (`id_akun`),
  ADD UNIQUE KEY `username` (`username`) USING BTREE,
  ADD UNIQUE KEY `email` (`email`);

--
-- Indexes for table `bobot_sub_tes`
--
ALTER TABLE `bobot_sub_tes`
  ADD PRIMARY KEY (`id_bobot_sub_tes`),
  ADD KEY `fk_id_bobot_tes` (`id_bobot_tes`);

--
-- Indexes for table `bobot_tes`
--
ALTER TABLE `bobot_tes`
  ADD PRIMARY KEY (`id_bobot_tes`),
  ADD KEY `jenis_tes` (`jenis_tes`);

--
-- Indexes for table `konversi`
--
ALTER TABLE `konversi`
  ADD PRIMARY KEY (`id_konversi`),
  ADD KEY `fk_id_bobot_seleksi_2` (`id_bobot_tes`);

--
-- Indexes for table `list_peserta`
--
ALTER TABLE `list_peserta`
  ADD PRIMARY KEY (`id_peserta`),
  ADD KEY `fk_id_akun_peserta` (`id_akun`),
  ADD KEY `fk_id_seleksi_peserta` (`id_seleksi`);

--
-- Indexes for table `list_seleksi`
--
ALTER TABLE `list_seleksi`
  ADD PRIMARY KEY (`id_seleksi`);

--
-- Indexes for table `nilai_per_tes`
--
ALTER TABLE `nilai_per_tes`
  ADD PRIMARY KEY (`id_nilai_tes`),
  ADD KEY `fk_id_akun_nilai_tes` (`id_akun`),
  ADD KEY `fk_id_seleksi` (`id_seleksi`),
  ADD KEY `fk_id_bobot_sub_tes_per_tes` (`id_bobot_sub_tes`),
  ADD KEY `fk_id_bobot_tes_per_tes` (`id_bobot_tes`);

--
-- Indexes for table `nilai_standar`
--
ALTER TABLE `nilai_standar`
  ADD PRIMARY KEY (`id_nilai_standar`),
  ADD KEY `fk_id_bobot_tes_standar` (`id_bobot_tes`);

--
-- Indexes for table `nilai_tes`
--
ALTER TABLE `nilai_tes`
  ADD PRIMARY KEY (`id_nilai`),
  ADD KEY `fk_id_akun_nilai_tes2` (`id_akun`),
  ADD KEY `fk_id_seleksi_tes` (`id_seleksi`),
  ADD KEY `fk_id_bobot_nilai_tes` (`id_bobot_tes`);

--
-- AUTO_INCREMENT for dumped tables
--

--
-- AUTO_INCREMENT for table `akun`
--
ALTER TABLE `akun`
  MODIFY `id_akun` int(11) NOT NULL AUTO_INCREMENT, AUTO_INCREMENT=67;

--
-- AUTO_INCREMENT for table `bobot_sub_tes`
--
ALTER TABLE `bobot_sub_tes`
  MODIFY `id_bobot_sub_tes` int(11) NOT NULL AUTO_INCREMENT, AUTO_INCREMENT=8;

--
-- AUTO_INCREMENT for table `bobot_tes`
--
ALTER TABLE `bobot_tes`
  MODIFY `id_bobot_tes` int(11) NOT NULL AUTO_INCREMENT, AUTO_INCREMENT=5;

--
-- AUTO_INCREMENT for table `konversi`
--
ALTER TABLE `konversi`
  MODIFY `id_konversi` int(11) NOT NULL AUTO_INCREMENT, AUTO_INCREMENT=21;

--
-- AUTO_INCREMENT for table `list_peserta`
--
ALTER TABLE `list_peserta`
  MODIFY `id_peserta` int(11) NOT NULL AUTO_INCREMENT, AUTO_INCREMENT=56;

--
-- AUTO_INCREMENT for table `list_seleksi`
--
ALTER TABLE `list_seleksi`
  MODIFY `id_seleksi` int(11) NOT NULL AUTO_INCREMENT, AUTO_INCREMENT=7;

--
-- AUTO_INCREMENT for table `nilai_per_tes`
--
ALTER TABLE `nilai_per_tes`
  MODIFY `id_nilai_tes` int(11) NOT NULL AUTO_INCREMENT, AUTO_INCREMENT=1112;

--
-- AUTO_INCREMENT for table `nilai_standar`
--
ALTER TABLE `nilai_standar`
  MODIFY `id_nilai_standar` int(11) NOT NULL AUTO_INCREMENT, AUTO_INCREMENT=5;

--
-- AUTO_INCREMENT for table `nilai_tes`
--
ALTER TABLE `nilai_tes`
  MODIFY `id_nilai` int(11) NOT NULL AUTO_INCREMENT;

--
-- Constraints for dumped tables
--

--
-- Constraints for table `bobot_sub_tes`
--
ALTER TABLE `bobot_sub_tes`
  ADD CONSTRAINT `fk_id_bobot_tes` FOREIGN KEY (`id_bobot_tes`) REFERENCES `bobot_tes` (`id_bobot_tes`) ON DELETE CASCADE ON UPDATE CASCADE;

--
-- Constraints for table `konversi`
--
ALTER TABLE `konversi`
  ADD CONSTRAINT `fk_id_bobot_seleksi_2` FOREIGN KEY (`id_bobot_tes`) REFERENCES `bobot_tes` (`id_bobot_tes`) ON DELETE CASCADE ON UPDATE CASCADE;

--
-- Constraints for table `list_peserta`
--
ALTER TABLE `list_peserta`
  ADD CONSTRAINT `fk_id_akun_peserta` FOREIGN KEY (`id_akun`) REFERENCES `akun` (`id_akun`) ON DELETE CASCADE ON UPDATE CASCADE,
  ADD CONSTRAINT `fk_id_seleksi_peserta` FOREIGN KEY (`id_seleksi`) REFERENCES `list_seleksi` (`id_seleksi`) ON DELETE CASCADE ON UPDATE CASCADE;

--
-- Constraints for table `nilai_per_tes`
--
ALTER TABLE `nilai_per_tes`
  ADD CONSTRAINT `fk_id_akun_nilai_tes` FOREIGN KEY (`id_akun`) REFERENCES `akun` (`id_akun`) ON DELETE CASCADE ON UPDATE CASCADE,
  ADD CONSTRAINT `fk_id_bobot_sub_tes_per_tes` FOREIGN KEY (`id_bobot_sub_tes`) REFERENCES `bobot_sub_tes` (`id_bobot_sub_tes`) ON DELETE CASCADE ON UPDATE CASCADE,
  ADD CONSTRAINT `fk_id_bobot_tes_per_tes` FOREIGN KEY (`id_bobot_tes`) REFERENCES `bobot_tes` (`id_bobot_tes`) ON DELETE CASCADE ON UPDATE CASCADE,
  ADD CONSTRAINT `fk_id_seleksi` FOREIGN KEY (`id_seleksi`) REFERENCES `list_seleksi` (`id_seleksi`) ON DELETE CASCADE ON UPDATE CASCADE;

--
-- Constraints for table `nilai_standar`
--
ALTER TABLE `nilai_standar`
  ADD CONSTRAINT `fk_id_bobot_tes_standar` FOREIGN KEY (`id_bobot_tes`) REFERENCES `bobot_tes` (`id_bobot_tes`) ON DELETE CASCADE ON UPDATE CASCADE;

--
-- Constraints for table `nilai_tes`
--
ALTER TABLE `nilai_tes`
  ADD CONSTRAINT `fk_id_akun_nilai_tes2` FOREIGN KEY (`id_akun`) REFERENCES `akun` (`id_akun`) ON DELETE CASCADE ON UPDATE CASCADE,
  ADD CONSTRAINT `fk_id_bobot_nilai_tes` FOREIGN KEY (`id_bobot_tes`) REFERENCES `bobot_tes` (`id_bobot_tes`) ON DELETE CASCADE ON UPDATE CASCADE,
  ADD CONSTRAINT `fk_id_seleksi_tes` FOREIGN KEY (`id_seleksi`) REFERENCES `list_seleksi` (`id_seleksi`) ON DELETE CASCADE ON UPDATE CASCADE;
COMMIT;

/*!40101 SET CHARACTER_SET_CLIENT=@OLD_CHARACTER_SET_CLIENT */;
/*!40101 SET CHARACTER_SET_RESULTS=@OLD_CHARACTER_SET_RESULTS */;
/*!40101 SET COLLATION_CONNECTION=@OLD_COLLATION_CONNECTION */;
